date_key,incident_date,day_of_week,month,year
101,2024-08-02,Friday,8.0,2024.0
102,2022-07-18,Monday,7.0,2022.0
103,10-13-2021,,,
104,28/06/2021,,,
105,2021-07-11,Sunday,7.0,2021.0
106,11-01-2023,,,
107,07/12/2024,,,
108,04-21-2024,,,
109,23/11/2021,,,
110,2021-11-15,Monday,11.0,2021.0
111,2022-11-21,Monday,11.0,2022.0
112,2023-02-18,Saturday,2.0,2023.0
113,12-06-2022,,,
114,2024-01-04,Thursday,1.0,2024.0
115,2023-02-15,Wednesday,2.0,2023.0
116,08-24-2022,,,
117,2024-03-28,Thursday,3.0,2024.0
118,2021-05-23,Sunday,5.0,2021.0
119,04-12-2022,,,
120,07-26-2021,,,
121,30/11/2021,,,
122,07/01/2022,,,
123,2024-07-24,Wednesday,7.0,2024.0
124,2022-05-17,Tuesday,5.0,2022.0
125,02-17-2023,,,
126,03-26-2022,,,
127,04/15/2022,,,
128,2021-05-16,Sunday,5.0,2021.0
129,07/03/2024,,,
130,09/04/2024,,,
131,20/10/2021,,,
132,02/24/2024,,,
133,10/04/2024,,,
134,11/10/2021,,,
135,07/04/2021,,,
136,24/11/2021,,,
137,05/11/2021,,,
138,05/30/2022,,,
139,08/23/2021,,,
140,05/08/2024,,,
141,11-20-2021,,,
142,06/24/2022,,,
143,06/08/2021,,,
144,01/08/2024,,,
145,02-05-2023,,,
146,12/23/2023,,,
147,08-18-2021,,,
148,2022-09-22,Thursday,9.0,2022.0
149,05/09/2022,,,
150,09/23/2023,,,
151,2021-09-15,Wednesday,9.0,2021.0
152,01/09/2023,,,
153,17/12/2023,,,
154,03-10-2022,,,
155,12/31/2024,,,
156,06/17/2023,,,
157,05/12/2021,,,
158,2022-03-28,Monday,3.0,2022.0
159,20/12/2024,,,
160,06/03/2021,,,
161,05/03/2022,,,
162,15/03/2024,,,
163,27/08/2023,,,
164,18/07/2021,,,
165,04-22-2023,,,
166,2024-08-16,Friday,8.0,2024.0
167,04/05/2023,,,
168,2022-01-28,Friday,1.0,2022.0
169,2023-07-08,Saturday,7.0,2023.0
170,11/01/2022,,,
171,06/04/2021,,,
172,04/14/2021,,,
173,07/11/2021,,,
174,09-22-2023,,,
175,12/04/2021,,,
176,07-21-2023,,,
177,02/13/2024,,,
178,03/22/2022,,,
179,2022-10-05,Wednesday,10.0,2022.0
180,04/11/2024,,,
181,27/04/2021,,,
182,2022-01-16,Sunday,1.0,2022.0
183,20/05/2021,,,
184,09/03/2021,,,
185,23/03/2021,,,
186,10/04/2024,,,
187,2022-06-19,Sunday,6.0,2022.0
188,2022-10-06,Thursday,10.0,2022.0
189,2023-03-22,Wednesday,3.0,2023.0
190,14/08/2024,,,
191,2021-05-29,Saturday,5.0,2021.0
192,06/26/2024,,,
193,13/03/2022,,,
194,12/16/2022,,,
195,11/20/2021,,,
196,09/01/2024,,,
197,2024-09-20,Friday,9.0,2024.0
198,10-03-2021,,,
199,11-15-2021,,,
200,02/21/2022,,,
201,05/30/2022,,,
202,18/05/2023,,,
203,11/15/2022,,,
204,24/06/2023,,,
205,2021-01-20,Wednesday,1.0,2021.0
206,11-16-2024,,,
207,07/04/2024,,,
208,03-27-2021,,,
209,23/03/2021,,,
210,27/05/2022,,,
211,21/02/2024,,,
212,06/25/2024,,,
213,11-29-2021,,,
214,2021-02-20,Saturday,2.0,2021.0
215,12/11/2022,,,
216,10/03/2024,,,
217,2024-12-07,Saturday,12.0,2024.0
218,21/03/2021,,,
219,08-01-2023,,,
220,2022-04-02,Saturday,4.0,2022.0
221,31/01/2022,,,
222,23/05/2021,,,
223,08-06-2024,,,
224,10/11/2022,,,
225,2022-06-19,Sunday,6.0,2022.0
226,2022-06-28,Tuesday,6.0,2022.0
227,05/06/2024,,,
228,26/05/2024,,,
229,2024-03-26,Tuesday,3.0,2024.0
230,01/04/2021,,,
231,01-08-2024,,,
232,08/02/2022,,,
233,09-22-2024,,,
234,13/09/2021,,,
235,26/09/2022,,,
236,28/11/2024,,,
237,12/05/2023,,,
238,23/12/2021,,,
239,28/01/2024,,,
240,03-07-2022,,,
241,08/11/2023,,,
242,14/12/2021,,,
243,21/09/2024,,,
244,27/04/2022,,,
245,2022-02-12,Saturday,2.0,2022.0
246,2021-04-05,Monday,4.0,2021.0
247,09/01/2023,,,
248,07/13/2024,,,
249,2023-03-30,Thursday,3.0,2023.0
250,09-05-2024,,,
251,07/08/2021,,,
252,26/11/2024,,,
253,26/05/2022,,,
254,10-01-2021,,,
255,05/04/2024,,,
256,10/31/2023,,,
257,11/22/2021,,,
258,22/05/2022,,,
259,04/12/2023,,,
260,2023-06-20,Tuesday,6.0,2023.0
261,2022-08-09,Tuesday,8.0,2022.0
262,11/19/2022,,,
263,19/04/2022,,,
264,2022-03-15,Tuesday,3.0,2022.0
265,04/15/2023,,,
266,05-11-2023,,,
267,02/10/2021,,,
268,13/01/2021,,,
269,03/10/2023,,,
270,01/24/2024,,,
271,13/07/2022,,,
272,11-20-2022,,,
273,08/16/2023,,,
274,03/18/2023,,,
275,2023-05-28,Sunday,5.0,2023.0
276,2023-08-04,Friday,8.0,2023.0
277,17/06/2022,,,
278,11/01/2022,,,
279,14/05/2023,,,
280,09/02/2021,,,
281,2022-12-18,Sunday,12.0,2022.0
282,05-21-2021,,,
283,2022-05-22,Sunday,5.0,2022.0
284,11/02/2021,,,
285,08/28/2023,,,
286,03/12/2024,,,
287,05/25/2024,,,
288,02/12/2021,,,
289,02-22-2021,,,
290,02/08/2023,,,
291,15/11/2024,,,
292,11/28/2024,,,
293,09/05/2021,,,
294,28/12/2023,,,
295,03/11/2023,,,
296,11/05/2023,,,
297,01-12-2023,,,
298,2023-06-11,Sunday,6.0,2023.0
299,05/12/2023,,,
300,01-08-2024,,,
301,04-28-2024,,,
302,06-27-2021,,,
303,13/03/2024,,,
304,28/02/2021,,,
305,2023-09-26,Tuesday,9.0,2023.0
306,06-14-2022,,,
307,07/20/2022,,,
308,05-10-2022,,,
309,11/15/2024,,,
310,2021-02-05,Friday,2.0,2021.0
311,30/03/2022,,,
312,09/21/2024,,,
313,05/22/2023,,,
314,19/07/2023,,,
315,05/09/2021,,,
316,01/03/2024,,,
317,09-19-2023,,,
318,07/05/2024,,,
319,02/02/2022,,,
320,2022-09-12,Monday,9.0,2022.0
321,2023-12-30,Saturday,12.0,2023.0
322,04-04-2021,,,
323,09/16/2021,,,
324,01/26/2021,,,
325,13/01/2022,,,
326,2023-09-06,Wednesday,9.0,2023.0
327,14/05/2021,,,
328,13/07/2024,,,
329,27/02/2024,,,
330,2022-05-24,Tuesday,5.0,2022.0
331,05/03/2023,,,
332,12/07/2023,,,
333,20/04/2024,,,
334,2024-06-25,Tuesday,6.0,2024.0
335,23/07/2021,,,
336,09/03/2022,,,
337,2022-05-07,Saturday,5.0,2022.0
338,2021-06-03,Thursday,6.0,2021.0
339,04/17/2023,,,
340,20/04/2022,,,
341,2023-07-19,Wednesday,7.0,2023.0
342,04/24/2022,,,
343,16/09/2024,,,
344,08-24-2021,,,
345,2021-10-19,Tuesday,10.0,2021.0
346,12-06-2021,,,
347,08/15/2022,,,
348,04/05/2023,,,
349,06-14-2021,,,
350,21/05/2024,,,
351,10-12-2024,,,
352,10-08-2024,,,
353,12-25-2021,,,
354,07/01/2022,,,
355,10/05/2023,,,
356,10/20/2022,,,
357,11/21/2024,,,
358,2024-02-01,Thursday,2.0,2024.0
359,30/06/2021,,,
360,04/08/2023,,,
361,17/01/2024,,,
362,11/28/2023,,,
363,2021-04-16,Friday,4.0,2021.0
364,2024-01-30,Tuesday,1.0,2024.0
365,08/13/2022,,,
366,14/07/2024,,,
367,21/11/2021,,,
368,2023-04-16,Sunday,4.0,2023.0
369,21/08/2021,,,
370,11/12/2021,,,
371,07/14/2022,,,
372,25/07/2023,,,
373,05-12-2024,,,
374,07/20/2022,,,
375,06/11/2023,,,
376,09-04-2022,,,
377,11/01/2021,,,
378,01-18-2024,,,
379,2024-11-29,Friday,11.0,2024.0
380,2023-02-24,Friday,2.0,2023.0
381,2023-04-22,Saturday,4.0,2023.0
382,08/27/2023,,,
383,09/21/2024,,,
384,2021-03-17,Wednesday,3.0,2021.0
385,23/04/2024,,,
386,2023-06-21,Wednesday,6.0,2023.0
387,2023-07-25,Tuesday,7.0,2023.0
388,10/23/2021,,,
389,20/08/2023,,,
390,06-30-2024,,,
391,13/10/2024,,,
392,10/11/2022,,,
393,2024-01-14,Sunday,1.0,2024.0
394,2021-05-21,Friday,5.0,2021.0
395,11-02-2024,,,
396,06-08-2023,,,
397,07-25-2021,,,
398,05/04/2021,,,
399,05/01/2023,,,
400,12/24/2023,,,
401,2021-12-25,Saturday,12.0,2021.0
402,23/02/2023,,,
403,2024-04-09,Tuesday,4.0,2024.0
404,08-03-2023,,,
405,08/11/2023,,,
406,06/24/2023,,,
407,05/19/2023,,,
408,27/02/2023,,,
409,02-21-2023,,,
410,2022-08-28,Sunday,8.0,2022.0
411,10/09/2024,,,
412,11-05-2024,,,
413,10-15-2023,,,
414,17/04/2022,,,
415,2024-07-27,Saturday,7.0,2024.0
416,05-29-2022,,,
417,10/08/2021,,,
418,25/09/2022,,,
419,18/01/2023,,,
420,28/08/2022,,,
421,2022-02-16,Wednesday,2.0,2022.0
422,10/01/2024,,,
423,10/25/2023,,,
424,14/09/2023,,,
425,11/25/2022,,,
426,04-08-2022,,,
427,02/16/2024,,,
428,2024-01-04,Thursday,1.0,2024.0
429,01/25/2023,,,
430,31/07/2024,,,
431,04-24-2022,,,
432,03/11/2022,,,
433,05-10-2021,,,
434,22/08/2024,,,
435,03/18/2021,,,
436,2024-01-06,Saturday,1.0,2024.0
437,07-19-2023,,,
438,01/12/2024,,,
439,04/30/2023,,,
440,2022-07-27,Wednesday,7.0,2022.0
441,2023-01-29,Sunday,1.0,2023.0
442,06/30/2023,,,
443,11/05/2024,,,
444,05/05/2021,,,
445,09/08/2021,,,
446,03/11/2022,,,
447,2022-11-15,Tuesday,11.0,2022.0
448,15/09/2021,,,
449,2024-02-10,Saturday,2.0,2024.0
450,19/03/2022,,,
451,10/30/2021,,,
452,10-24-2021,,,
453,14/08/2021,,,
454,01/31/2021,,,
455,2021-02-02,Tuesday,2.0,2021.0
456,2021-04-18,Sunday,4.0,2021.0
457,05/13/2023,,,
458,12/01/2023,,,
459,2023-10-29,Sunday,10.0,2023.0
460,2024-06-13,Thursday,6.0,2024.0
461,09-11-2024,,,
462,05/05/2021,,,
463,08/10/2021,,,
464,15/06/2021,,,
465,09/16/2021,,,
466,10/28/2022,,,
467,02/11/2023,,,
468,2024-12-08,Sunday,12.0,2024.0
469,09-02-2024,,,
470,03/17/2022,,,
471,07/18/2023,,,
472,03/10/2022,,,
473,11/09/2021,,,
474,2021-06-24,Thursday,6.0,2021.0
475,17/07/2021,,,
476,09/24/2021,,,
477,07/11/2022,,,
478,24/09/2024,,,
479,04/16/2021,,,
480,29/03/2024,,,
481,2023-09-15,Friday,9.0,2023.0
482,08/10/2021,,,
483,07-25-2022,,,
484,06/27/2024,,,
485,09/09/2024,,,
486,01-05-2022,,,
487,2022-12-20,Tuesday,12.0,2022.0
488,21/10/2021,,,
489,10/18/2021,,,
490,2023-12-23,Saturday,12.0,2023.0
491,10/05/2023,,,
492,10/01/2022,,,
493,23/06/2021,,,
494,2024-06-19,Wednesday,6.0,2024.0
495,06/17/2021,,,
496,25/06/2023,,,
497,2023-11-16,Thursday,11.0,2023.0
498,2023-05-31,Wednesday,5.0,2023.0
499,10-20-2024,,,
500,2021-04-04,Sunday,4.0,2021.0
501,2024-05-12,Sunday,5.0,2024.0
502,23/02/2022,,,
503,09/10/2021,,,
504,2021-09-03,Friday,9.0,2021.0
505,2023-06-01,Thursday,6.0,2023.0
506,18/02/2023,,,
507,02/19/2024,,,
508,03/28/2021,,,
509,10-04-2022,,,
510,06/05/2023,,,
511,2022-10-28,Friday,10.0,2022.0
512,06/19/2024,,,
513,14/06/2023,,,
514,21/04/2024,,,
515,28/09/2022,,,
516,2021-12-11,Saturday,12.0,2021.0
517,2024-07-20,Saturday,7.0,2024.0
518,2023-11-11,Saturday,11.0,2023.0
519,12/17/2022,,,
520,2021-10-30,Saturday,10.0,2021.0
521,27/10/2021,,,
522,11/10/2021,,,
523,07-10-2024,,,
524,07/09/2023,,,
525,07/03/2024,,,
526,2023-06-20,Tuesday,6.0,2023.0
527,06/25/2023,,,
528,22/12/2022,,,
529,2023-07-15,Saturday,7.0,2023.0
530,26/01/2023,,,
531,07/04/2021,,,
532,02/10/2024,,,
533,16/03/2024,,,
534,09/02/2023,,,
535,05/12/2022,,,
536,2024-08-16,Friday,8.0,2024.0
537,05/23/2022,,,
538,2024-06-02,Sunday,6.0,2024.0
539,03/02/2023,,,
540,24/11/2022,,,
541,16/07/2024,,,
542,13/07/2021,,,
543,06-01-2022,,,
544,11/04/2021,,,
545,12-18-2022,,,
546,09/22/2021,,,
547,11/02/2023,,,
548,09-19-2021,,,
549,04/11/2024,,,
550,05/10/2024,,,
551,01/13/2023,,,
552,2023-09-23,Saturday,9.0,2023.0
553,2021-10-09,Saturday,10.0,2021.0
554,29/08/2022,,,
555,01/11/2024,,,
556,11/21/2022,,,
557,2021-11-12,Friday,11.0,2021.0
558,11/19/2024,,,
559,2023-06-16,Friday,6.0,2023.0
560,17/01/2023,,,
561,06-29-2023,,,
562,25/04/2022,,,
563,19/08/2023,,,
564,10/21/2024,,,
565,08/01/2022,,,
566,11/28/2021,,,
567,2022-05-28,Saturday,5.0,2022.0
568,09/12/2023,,,
569,23/11/2023,,,
570,11/25/2021,,,
571,2023-06-15,Thursday,6.0,2023.0
572,03-31-2022,,,
573,2023-04-30,Sunday,4.0,2023.0
574,26/10/2023,,,
575,17/06/2021,,,
576,07-22-2021,,,
577,2021-10-09,Saturday,10.0,2021.0
578,26/08/2023,,,
579,12-15-2024,,,
580,02/08/2021,,,
581,31/05/2024,,,
582,2022-08-14,Sunday,8.0,2022.0
583,2021-09-07,Tuesday,9.0,2021.0
584,05/10/2023,,,
585,21/10/2023,,,
586,11/22/2023,,,
587,04/01/2021,,,
588,2023-05-04,Thursday,5.0,2023.0
589,2024-09-30,Monday,9.0,2024.0
590,2023-01-09,Monday,1.0,2023.0
591,12/14/2023,,,
592,02/11/2021,,,
593,04/02/2023,,,
594,05/19/2021,,,
595,06/04/2024,,,
596,01/04/2021,,,
597,2024-08-09,Friday,8.0,2024.0
598,11/03/2024,,,
599,2021-10-04,Monday,10.0,2021.0
600,2023-07-27,Thursday,7.0,2023.0
601,2022-02-17,Thursday,2.0,2022.0
602,13/02/2022,,,
603,09/28/2022,,,
604,2022-06-03,Friday,6.0,2022.0
605,2024-08-17,Saturday,8.0,2024.0
606,02/01/2023,,,
607,04/09/2024,,,
608,24/01/2023,,,
609,20/06/2023,,,
610,01-18-2022,,,
611,30/11/2023,,,
612,2023-05-20,Saturday,5.0,2023.0
613,18/05/2024,,,
614,25/08/2022,,,
615,15/09/2024,,,
616,2023-05-23,Tuesday,5.0,2023.0
617,29/06/2023,,,
618,24/12/2022,,,
619,08/02/2024,,,
620,07-29-2024,,,
621,24/11/2021,,,
622,29/05/2024,,,
623,2021-09-16,Thursday,9.0,2021.0
624,14/08/2024,,,
625,2024-03-07,Thursday,3.0,2024.0
626,11/11/2021,,,
627,06/07/2021,,,
628,08/23/2024,,,
629,17/01/2022,,,
630,2024-02-25,Sunday,2.0,2024.0
631,18/06/2022,,,
632,06/07/2024,,,
633,2021-09-09,Thursday,9.0,2021.0
634,06/01/2021,,,
635,06-29-2021,,,
636,29/09/2024,,,
637,16/01/2024,,,
638,11/19/2021,,,
639,11/01/2023,,,
640,16/02/2022,,,
641,2023-10-09,Monday,10.0,2023.0
642,02-09-2024,,,
643,23/09/2021,,,
644,09/26/2022,,,
645,04/22/2023,,,
646,12/10/2022,,,
647,24/10/2024,,,
648,04/02/2024,,,
649,09/22/2021,,,
650,12/09/2021,,,
651,11/28/2021,,,
652,11/29/2023,,,
653,24/07/2024,,,
654,07/04/2024,,,
655,12/12/2021,,,
656,07-02-2024,,,
657,2024-02-29,Thursday,2.0,2024.0
658,2021-02-28,Sunday,2.0,2021.0
659,06/08/2024,,,
660,08/03/2022,,,
661,2024-08-01,Thursday,8.0,2024.0
662,07/08/2024,,,
663,05/17/2022,,,
664,30/05/2021,,,
665,02/05/2023,,,
666,2024-05-27,Monday,5.0,2024.0
667,10-16-2022,,,
668,09/25/2021,,,
669,11/05/2022,,,
670,2022-05-23,Monday,5.0,2022.0
671,14/04/2021,,,
672,06-14-2024,,,
673,11/02/2022,,,
674,11/23/2021,,,
675,24/09/2022,,,
676,03/17/2023,,,
677,2022-12-24,Saturday,12.0,2022.0
678,07-31-2022,,,
679,22/08/2023,,,
680,08-09-2021,,,
681,06/04/2023,,,
682,13/03/2024,,,
683,2022-08-15,Monday,8.0,2022.0
684,10-30-2023,,,
685,30/06/2024,,,
686,07/18/2021,,,
687,19/01/2023,,,
688,09/11/2023,,,
689,2021-03-21,Sunday,3.0,2021.0
690,11/14/2022,,,
691,2023-11-22,Wednesday,11.0,2023.0
692,09/06/2024,,,
693,16/06/2024,,,
694,11/20/2022,,,
695,02/27/2024,,,
696,2024-10-11,Friday,10.0,2024.0
697,05-04-2023,,,
698,11/10/2024,,,
699,09/04/2024,,,
700,16/04/2021,,,
701,07/12/2024,,,
702,2024-10-26,Saturday,10.0,2024.0
703,18/03/2024,,,
704,08/02/2021,,,
705,26/04/2023,,,
706,06-06-2024,,,
707,05/08/2021,,,
708,18/09/2024,,,
709,12/21/2021,,,
710,10/16/2024,,,
711,11-20-2024,,,
712,26/07/2022,,,
713,09-02-2022,,,
714,29/09/2023,,,
715,07/15/2022,,,
716,03-20-2023,,,
717,2022-08-18,Thursday,8.0,2022.0
718,11/06/2021,,,
719,10/06/2022,,,
720,01/09/2024,,,
721,08/12/2021,,,
722,03/10/2024,,,
723,2022-04-22,Friday,4.0,2022.0
724,04-27-2023,,,
725,2021-10-09,Saturday,10.0,2021.0
726,02/02/2024,,,
727,08/30/2024,,,
728,13/02/2022,,,
729,08/08/2022,,,
730,2024-03-21,Thursday,3.0,2024.0
731,18/03/2021,,,
732,27/12/2021,,,
733,25/03/2023,,,
734,16/08/2022,,,
735,03/09/2024,,,
736,07/20/2023,,,
737,10/02/2021,,,
738,08/19/2021,,,
739,2022-01-17,Monday,1.0,2022.0
740,11-22-2022,,,
741,12/26/2021,,,
742,26/05/2023,,,
743,2024-10-02,Wednesday,10.0,2024.0
744,10/15/2021,,,
745,2023-02-25,Saturday,2.0,2023.0
746,01/07/2022,,,
747,2024-03-19,Tuesday,3.0,2024.0
748,31/08/2024,,,
749,2024-09-29,Sunday,9.0,2024.0
750,2022-09-21,Wednesday,9.0,2022.0
751,11-06-2024,,,
752,09-29-2022,,,
753,23/01/2023,,,
754,10-01-2021,,,
755,02/05/2023,,,
756,01-06-2024,,,
757,10/25/2024,,,
758,04/07/2023,,,
759,2024-03-01,Friday,3.0,2024.0
760,27/01/2024,,,
761,2024-01-05,Friday,1.0,2024.0
762,03/11/2022,,,
763,2024-10-25,Friday,10.0,2024.0
764,04/09/2024,,,
765,04/24/2021,,,
766,04/29/2021,,,
767,02-14-2021,,,
768,2024-03-30,Saturday,3.0,2024.0
769,18/05/2023,,,
770,04/05/2021,,,
771,2023-08-25,Friday,8.0,2023.0
772,2023-04-18,Tuesday,4.0,2023.0
773,10/05/2021,,,
774,05/11/2023,,,
775,02-13-2023,,,
776,2024-01-10,Wednesday,1.0,2024.0
777,2022-12-14,Wednesday,12.0,2022.0
778,06/01/2024,,,
779,04-02-2022,,,
780,08/07/2023,,,
781,2022-04-16,Saturday,4.0,2022.0
782,2022-12-10,Saturday,12.0,2022.0
783,01/22/2022,,,
784,09-14-2024,,,
785,2021-02-02,Tuesday,2.0,2021.0
786,2021-05-18,Tuesday,5.0,2021.0
787,03-10-2021,,,
788,17/05/2022,,,
789,04-25-2022,,,
790,14/10/2021,,,
791,03-25-2024,,,
792,2022-10-19,Wednesday,10.0,2022.0
793,10/21/2021,,,
794,2022-07-18,Monday,7.0,2022.0
795,04/26/2024,,,
796,25/05/2023,,,
797,12-07-2022,,,
798,15/10/2022,,,
799,09/07/2022,,,
800,04-07-2022,,,
801,04/29/2021,,,
802,02/10/2021,,,
803,11-08-2022,,,
804,07/09/2021,,,
805,02-12-2023,,,
806,01-21-2022,,,
807,03/21/2022,,,
808,2021-02-01,Monday,2.0,2021.0
809,25/01/2022,,,
810,09-08-2023,,,
811,03-24-2023,,,
812,02/19/2023,,,
813,01/07/2023,,,
814,20/08/2023,,,
815,21/02/2022,,,
816,02/27/2024,,,
817,02/08/2024,,,
818,2021-11-09,Tuesday,11.0,2021.0
819,04/17/2022,,,
820,02/09/2024,,,
821,09/28/2023,,,
822,11/12/2021,,,
823,10-14-2021,,,
824,01/16/2024,,,
825,06-02-2021,,,
826,2023-04-25,Tuesday,4.0,2023.0
827,2024-07-15,Monday,7.0,2024.0
828,2024-12-19,Thursday,12.0,2024.0
829,24/03/2022,,,
830,06-19-2024,,,
831,12/09/2024,,,
832,04/02/2024,,,
833,17/07/2022,,,
834,10-26-2023,,,
835,2022-01-03,Monday,1.0,2022.0
836,17/07/2021,,,
837,06/23/2024,,,
838,2023-03-24,Friday,3.0,2023.0
839,12/04/2023,,,
840,2024-11-28,Thursday,11.0,2024.0
841,01/11/2024,,,
842,23/08/2024,,,
843,02/16/2023,,,
844,2024-12-10,Tuesday,12.0,2024.0
845,10/21/2023,,,
846,07/15/2021,,,
847,11/18/2024,,,
848,02/06/2021,,,
849,18/01/2024,,,
850,2022-10-07,Friday,10.0,2022.0
851,03-01-2022,,,
852,27/03/2023,,,
853,2024-02-29,Thursday,2.0,2024.0
854,03/08/2023,,,
855,10/14/2021,,,
856,2022-12-10,Saturday,12.0,2022.0
857,2023-06-15,Thursday,6.0,2023.0
858,06-05-2021,,,
859,24/03/2023,,,
860,07/22/2024,,,
861,30/12/2022,,,
862,01/16/2022,,,
863,20/06/2024,,,
864,2021-05-31,Monday,5.0,2021.0
865,11/12/2021,,,
866,09/03/2023,,,
867,11/01/2021,,,
868,2022-07-07,Thursday,7.0,2022.0
869,2021-06-28,Monday,6.0,2021.0
870,07/09/2023,,,
871,03/07/2021,,,
872,05/09/2024,,,
873,28/04/2023,,,
874,02/20/2024,,,
875,14/12/2021,,,
876,07/05/2022,,,
877,10/06/2023,,,
878,06-07-2021,,,
879,13/10/2023,,,
880,2021-08-08,Sunday,8.0,2021.0
881,14/01/2021,,,
882,06/24/2024,,,
883,06-01-2023,,,
884,10-06-2021,,,
885,09-09-2023,,,
886,08-20-2022,,,
887,12/05/2022,,,
888,03/16/2023,,,
889,2024-01-23,Tuesday,1.0,2024.0
890,2024-02-01,Thursday,2.0,2024.0
891,04/08/2023,,,
892,20/08/2022,,,
893,18/04/2023,,,
894,2022-09-13,Tuesday,9.0,2022.0
895,2024-09-10,Tuesday,9.0,2024.0
896,17/05/2023,,,
897,09/05/2024,,,
898,11/04/2023,,,
899,17/03/2021,,,
900,01/05/2024,,,
901,24/05/2022,,,
902,08/18/2024,,,
903,08-17-2024,,,
904,2023-06-01,Thursday,6.0,2023.0
905,07/21/2021,,,
906,03/04/2024,,,
907,02/06/2023,,,
908,2023-10-22,Sunday,10.0,2023.0
909,20/02/2021,,,
910,2021-06-25,Friday,6.0,2021.0
911,18/10/2021,,,
912,28/02/2022,,,
913,07/19/2021,,,
914,2022-09-07,Wednesday,9.0,2022.0
915,2024-12-26,Thursday,12.0,2024.0
916,12/04/2022,,,
917,05/15/2022,,,
918,24/05/2023,,,
919,10/04/2023,,,
920,08/09/2024,,,
921,11/06/2024,,,
922,05/30/2023,,,
923,12/12/2024,,,
924,07/28/2021,,,
925,08/02/2022,,,
926,09/30/2023,,,
927,05/06/2024,,,
928,12-22-2022,,,
929,12/16/2024,,,
930,2024-10-08,Tuesday,10.0,2024.0
931,2021-08-30,Monday,8.0,2021.0
932,2021-08-28,Saturday,8.0,2021.0
933,2024-11-21,Thursday,11.0,2024.0
934,07/03/2023,,,
935,02/25/2023,,,
936,14/08/2024,,,
937,08/12/2021,,,
938,10-07-2022,,,
939,20/01/2021,,,
940,02/26/2023,,,
941,11/03/2024,,,
942,2021-12-09,Thursday,12.0,2021.0
943,05/03/2021,,,
944,03/08/2021,,,
945,07/26/2023,,,
946,2023-11-13,Monday,11.0,2023.0
947,08-22-2021,,,
948,16/01/2024,,,
949,06/23/2023,,,
950,31/08/2024,,,
951,08/03/2021,,,
952,06-28-2021,,,
953,2022-05-01,Sunday,5.0,2022.0
954,04/19/2024,,,
955,2023-05-27,Saturday,5.0,2023.0
956,10-13-2021,,,
957,13/03/2024,,,
958,2024-01-09,Tuesday,1.0,2024.0
959,12-12-2024,,,
960,11/20/2023,,,
961,04-23-2023,,,
962,17/09/2021,,,
963,10-27-2021,,,
964,16/10/2024,,,
965,19/07/2024,,,
966,2023-07-15,Saturday,7.0,2023.0
967,07-10-2021,,,
968,01/26/2023,,,
969,07-10-2021,,,
970,01/04/2023,,,
971,05/30/2023,,,
972,08/04/2022,,,
973,09-21-2023,,,
974,2021-04-05,Monday,4.0,2021.0
975,2023-07-31,Monday,7.0,2023.0
976,20/11/2021,,,
977,2023-05-27,Saturday,5.0,2023.0
978,11/11/2024,,,
979,2022-07-16,Saturday,7.0,2022.0
980,09/01/2023,,,
981,2024-08-21,Wednesday,8.0,2024.0
982,03-23-2023,,,
983,05/30/2023,,,
984,2023-09-04,Monday,9.0,2023.0
985,2024-04-30,Tuesday,4.0,2024.0
986,24/10/2024,,,
987,12/05/2022,,,
988,28/09/2021,,,
989,02/07/2021,,,
990,04/10/2022,,,
991,02/23/2023,,,
992,2024-10-18,Friday,10.0,2024.0
993,12/23/2023,,,
994,12/21/2022,,,
995,24/04/2023,,,
996,2022-03-21,Monday,3.0,2022.0
997,2021-07-25,Sunday,7.0,2021.0
998,10/09/2021,,,
999,30/05/2023,,,
1000,22/07/2022,,,
1001,05-15-2024,,,
1002,2024-11-15,Friday,11.0,2024.0
1003,10/09/2024,,,
1004,05/27/2024,,,
1005,04/22/2021,,,
1006,2023-03-02,Thursday,3.0,2023.0
1007,21/10/2023,,,
1008,01/25/2021,,,
1009,03/10/2024,,,
1010,08/23/2023,,,
1011,2021-05-19,Wednesday,5.0,2021.0
1012,2022-03-18,Friday,3.0,2022.0
1013,04/05/2021,,,
1014,08/10/2022,,,
1015,12/08/2024,,,
1016,09/11/2021,,,
1017,11/14/2023,,,
1018,11-01-2022,,,
1019,26/10/2024,,,
1020,06/15/2023,,,
1021,26/06/2021,,,
1022,07/06/2024,,,
1023,09/09/2024,,,
1024,2024-12-20,Friday,12.0,2024.0
1025,2021-01-24,Sunday,1.0,2021.0
1026,12-12-2022,,,
1027,12-08-2021,,,
1028,30/08/2021,,,
1029,30/05/2023,,,
1030,12/29/2024,,,
1031,11/13/2023,,,
1032,2023-01-24,Tuesday,1.0,2023.0
1033,07/30/2021,,,
1034,2023-11-09,Thursday,11.0,2023.0
1035,2021-01-26,Tuesday,1.0,2021.0
1036,08/25/2023,,,
1037,03-14-2021,,,
1038,2023-05-09,Tuesday,5.0,2023.0
1039,05/24/2022,,,
1040,09/06/2021,,,
1041,10/10/2024,,,
1042,11/23/2023,,,
1043,08/11/2023,,,
1044,26/06/2021,,,
1045,02-15-2022,,,
1046,05/12/2022,,,
1047,02-05-2022,,,
1048,2021-11-05,Friday,11.0,2021.0
1049,2023-04-20,Thursday,4.0,2023.0
1050,01-15-2024,,,
1051,2022-11-18,Friday,11.0,2022.0
1052,09/08/2024,,,
1053,25/02/2022,,,
1054,10/05/2023,,,
1055,2022-07-28,Thursday,7.0,2022.0
1056,04-20-2022,,,
1057,02/02/2023,,,
1058,2023-11-02,Thursday,11.0,2023.0
1059,2023-03-19,Sunday,3.0,2023.0
1060,2024-03-08,Friday,3.0,2024.0
1061,18/09/2024,,,
1062,06/19/2022,,,
1063,31/10/2022,,,
1064,02/06/2021,,,
1065,2024-04-12,Friday,4.0,2024.0
1066,2021-08-05,Thursday,8.0,2021.0
1067,13/08/2023,,,
1068,04/01/2023,,,
1069,09/24/2022,,,
1070,11/06/2024,,,
1071,17/03/2022,,,
1072,07/06/2021,,,
1073,11/04/2021,,,
1074,2021-12-23,Thursday,12.0,2021.0
1075,04/09/2023,,,
1076,07/13/2021,,,
1077,2021-01-25,Monday,1.0,2021.0
1078,2022-04-01,Friday,4.0,2022.0
1079,04/01/2023,,,
1080,04/07/2024,,,
1081,2021-05-13,Thursday,5.0,2021.0
1082,15/08/2024,,,
1083,2022-11-11,Friday,11.0,2022.0
1084,2023-08-03,Thursday,8.0,2023.0
1085,03/21/2024,,,
1086,23/02/2023,,,
1087,16/03/2022,,,
1088,03/07/2023,,,
1089,06/22/2024,,,
1090,02/02/2024,,,
1091,2023-02-24,Friday,2.0,2023.0
1092,02/13/2022,,,
1093,01-19-2024,,,
1094,01/06/2023,,,
1095,04/03/2024,,,
1096,2022-01-04,Tuesday,1.0,2022.0
1097,2024-05-07,Tuesday,5.0,2024.0
1098,2022-07-30,Saturday,7.0,2022.0
1099,08-25-2023,,,
1100,2021-11-23,Tuesday,11.0,2021.0
1101,2024-09-07,Saturday,9.0,2024.0
1102,12/29/2023,,,
1103,03/26/2022,,,
1104,2021-12-22,Wednesday,12.0,2021.0
1105,04/28/2024,,,
1106,2024-04-26,Friday,4.0,2024.0
1107,12/05/2024,,,
1108,01-21-2022,,,
1109,01/16/2024,,,
1110,22/04/2022,,,
1111,2023-09-06,Wednesday,9.0,2023.0
1112,2024-06-11,Tuesday,6.0,2024.0
1113,25/09/2021,,,
1114,2022-10-25,Tuesday,10.0,2022.0
1115,10-30-2021,,,
1116,12/14/2023,,,
1117,18/09/2024,,,
1118,09-11-2022,,,
1119,06/14/2023,,,
1120,12-23-2021,,,
1121,10/06/2024,,,
1122,21/04/2024,,,
1123,11/11/2024,,,
1124,01/04/2021,,,
1125,2024-03-08,Friday,3.0,2024.0
1126,05/18/2024,,,
1127,08/02/2024,,,
1128,2021-06-09,Wednesday,6.0,2021.0
1129,2022-10-17,Monday,10.0,2022.0
1130,07-01-2021,,,
1131,19/11/2022,,,
1132,27/05/2022,,,
1133,10/08/2021,,,
1134,06-17-2023,,,
1135,07/10/2023,,,
1136,2023-02-08,Wednesday,2.0,2023.0
1137,09-09-2023,,,
1138,2022-04-07,Thursday,4.0,2022.0
1139,31/05/2021,,,
1140,02/11/2021,,,
1141,15/12/2021,,,
1142,06/03/2021,,,
1143,05-01-2024,,,
1144,03/06/2023,,,
1145,2023-06-09,Friday,6.0,2023.0
1146,07/27/2021,,,
1147,02/09/2024,,,
1148,31/07/2022,,,
1149,03/16/2023,,,
1150,2023-01-09,Monday,1.0,2023.0
1151,06/29/2021,,,
1152,2022-02-13,Sunday,2.0,2022.0
1153,2022-02-28,Monday,2.0,2022.0
1154,08/21/2022,,,
1155,03/26/2023,,,
1156,07/08/2024,,,
1157,21/02/2023,,,
1158,24/06/2022,,,
1159,05/07/2022,,,
1160,27/11/2024,,,
1161,06/12/2022,,,
1162,2024-04-22,Monday,4.0,2024.0
1163,05/05/2021,,,
1164,01/02/2024,,,
1165,28/04/2022,,,
1166,03-13-2021,,,
1167,19/10/2024,,,
1168,2023-07-09,Sunday,7.0,2023.0
1169,12/09/2021,,,
1170,2023-05-18,Thursday,5.0,2023.0
1171,10/31/2024,,,
1172,05-03-2024,,,
1173,2021-05-18,Tuesday,5.0,2021.0
1174,14/02/2024,,,
1175,07/20/2022,,,
1176,12/05/2024,,,
1177,2023-04-29,Saturday,4.0,2023.0
1178,03-06-2024,,,
1179,05/08/2021,,,
1180,08-09-2022,,,
1181,06/25/2022,,,
1182,2021-03-18,Thursday,3.0,2021.0
1183,2023-04-06,Thursday,4.0,2023.0
1184,31/05/2024,,,
1185,22/03/2023,,,
1186,2022-05-02,Monday,5.0,2022.0
1187,09/01/2023,,,
1188,09-13-2022,,,
1189,2024-11-03,Sunday,11.0,2024.0
1190,2022-04-12,Tuesday,4.0,2022.0
1191,27/06/2023,,,
1192,04/05/2023,,,
1193,2023-06-24,Saturday,6.0,2023.0
1194,04-14-2023,,,
1195,26/04/2021,,,
1196,30/09/2022,,,
1197,10/12/2023,,,
1198,30/01/2022,,,
1199,2021-04-29,Thursday,4.0,2021.0
1200,2023-07-24,Monday,7.0,2023.0
1201,09/01/2023,,,
1202,08/09/2023,,,
1203,2021-03-04,Thursday,3.0,2021.0
1204,29/09/2023,,,
1205,30/08/2023,,,
1206,01/12/2021,,,
1207,2024-11-11,Monday,11.0,2024.0
1208,26/02/2021,,,
1209,17/03/2024,,,
1210,03/30/2022,,,
1211,04-19-2023,,,
1212,2024-10-29,Tuesday,10.0,2024.0
1213,09/28/2021,,,
1214,06-01-2022,,,
1215,23/12/2024,,,
1216,02/11/2023,,,
1217,09/11/2022,,,
1218,2021-07-29,Thursday,7.0,2021.0
1219,09/18/2024,,,
1220,01/05/2024,,,
1221,10/08/2021,,,
1222,07/21/2022,,,
1223,12/27/2024,,,
1224,11-26-2023,,,
1225,13/05/2024,,,
1226,10-14-2021,,,
1227,16/06/2022,,,
1228,03-14-2021,,,
1229,04/12/2022,,,
1230,12-31-2023,,,
1231,01-05-2023,,,
1232,2024-02-18,Sunday,2.0,2024.0
1233,07-19-2021,,,
1234,19/02/2024,,,
1235,10/24/2024,,,
1236,03/04/2022,,,
1237,11/10/2022,,,
1238,08/30/2021,,,
1239,2024-06-25,Tuesday,6.0,2024.0
1240,02/03/2022,,,
1241,09/04/2022,,,
1242,02-15-2022,,,
1243,2023-07-27,Thursday,7.0,2023.0
1244,01/05/2022,,,
1245,29/12/2021,,,
1246,07/15/2023,,,
1247,11/21/2021,,,
1248,12/06/2024,,,
1249,29/05/2023,,,
1250,03-19-2021,,,
1251,10/22/2022,,,
1252,09/01/2021,,,
1253,21/11/2024,,,
1254,07/30/2021,,,
1255,04/04/2021,,,
1256,02/12/2023,,,
1257,07/11/2024,,,
1258,01/10/2023,,,
1259,2023-04-07,Friday,4.0,2023.0
1260,05/04/2022,,,
1261,14/02/2021,,,
1262,01/21/2023,,,
1263,08/04/2024,,,
1264,04/09/2021,,,
1265,2024-11-13,Wednesday,11.0,2024.0
1266,06/29/2023,,,
1267,2021-11-10,Wednesday,11.0,2021.0
1268,05/11/2024,,,
1269,2024-09-17,Tuesday,9.0,2024.0
1270,12/02/2023,,,
1271,08/03/2021,,,
1272,08-06-2021,,,
1273,08/12/2023,,,
1274,20/04/2023,,,
1275,10/14/2023,,,
1276,2022-04-26,Tuesday,4.0,2022.0
1277,2024-10-07,Monday,10.0,2024.0
1278,08/15/2021,,,
1279,04/07/2021,,,
1280,07/27/2021,,,
1281,30/08/2022,,,
1282,12/24/2021,,,
1283,10/18/2024,,,
1284,2021-04-04,Sunday,4.0,2021.0
1285,11/10/2021,,,
1286,01/03/2023,,,
1287,10/07/2021,,,
1288,08/22/2021,,,
1289,03/01/2023,,,
1290,2021-12-08,Wednesday,12.0,2021.0
1291,11-26-2024,,,
1292,08-01-2021,,,
1293,10-21-2024,,,
1294,2024-06-06,Thursday,6.0,2024.0
1295,11-02-2024,,,
1296,17/09/2023,,,
1297,23/04/2023,,,
1298,09-03-2024,,,
1299,26/03/2024,,,
1300,10-03-2024,,,
1301,2024-06-20,Thursday,6.0,2024.0
1302,09-17-2024,,,
1303,08/06/2024,,,
1304,2024-06-09,Sunday,6.0,2024.0
1305,08/10/2024,,,
1306,13/10/2023,,,
1307,04/10/2023,,,
1308,2022-07-24,Sunday,7.0,2022.0
1309,02/04/2022,,,
1310,2022-04-27,Wednesday,4.0,2022.0
1311,29/06/2023,,,
1312,18/10/2023,,,
1313,16/10/2023,,,
1314,04/07/2023,,,
1315,07/06/2021,,,
1316,11/08/2023,,,
1317,30/11/2022,,,
1318,02/04/2022,,,
1319,06/23/2024,,,
1320,2023-07-16,Sunday,7.0,2023.0
1321,2024-09-11,Wednesday,9.0,2024.0
1322,12-01-2022,,,
1323,01/27/2024,,,
1324,12-03-2021,,,
1325,2023-04-19,Wednesday,4.0,2023.0
1326,2024-06-05,Wednesday,6.0,2024.0
1327,05/09/2021,,,
1328,26/07/2023,,,
1329,2022-11-24,Thursday,11.0,2022.0
1330,2023-04-29,Saturday,4.0,2023.0
1331,07-20-2024,,,
1332,07/12/2023,,,
1333,2023-10-19,Thursday,10.0,2023.0
1334,10/04/2021,,,
1335,04-13-2024,,,
1336,29/12/2021,,,
1337,2021-09-20,Monday,9.0,2021.0
1338,09/08/2024,,,
1339,02-27-2023,,,
1340,05-24-2022,,,
1341,17/07/2023,,,
1342,05/18/2024,,,
1343,07/12/2024,,,
1344,08/02/2024,,,
1345,07-02-2024,,,
1346,09-29-2021,,,
1347,10-29-2023,,,
1348,12-23-2022,,,
1349,12-25-2024,,,
1350,09/08/2022,,,
1351,27/01/2021,,,
1352,2021-10-25,Monday,10.0,2021.0
1353,2021-04-26,Monday,4.0,2021.0
1354,11/26/2021,,,
1355,08/05/2021,,,
1356,2024-01-14,Sunday,1.0,2024.0
1357,2023-07-16,Sunday,7.0,2023.0
1358,10-15-2024,,,
1359,02-24-2024,,,
1360,11-26-2024,,,
1361,03-05-2023,,,
1362,2024-02-05,Monday,2.0,2024.0
1363,2022-05-30,Monday,5.0,2022.0
1364,06-27-2023,,,
1365,08-19-2024,,,
1366,02/07/2022,,,
1367,30/12/2021,,,
1368,22/12/2021,,,
1369,03/25/2021,,,
1370,11/04/2024,,,
1371,14/08/2023,,,
1372,11-11-2021,,,
1373,07/04/2024,,,
1374,18/03/2024,,,
1375,20/12/2024,,,
1376,01/12/2022,,,
1377,18/01/2024,,,
1378,03/30/2022,,,
1379,2022-08-25,Thursday,8.0,2022.0
1380,06-20-2024,,,
1381,2024-08-22,Thursday,8.0,2024.0
1382,01/10/2024,,,
1383,08-08-2024,,,
1384,29/10/2024,,,
1385,08/21/2021,,,
1386,25/11/2023,,,
1387,08/11/2023,,,
1388,2024-08-27,Tuesday,8.0,2024.0
1389,2023-11-19,Sunday,11.0,2023.0
1390,2021-07-16,Friday,7.0,2021.0
1391,01/07/2024,,,
1392,07/13/2024,,,
1393,2021-08-01,Sunday,8.0,2021.0
1394,12/10/2024,,,
1395,28/05/2021,,,
1396,30/07/2023,,,
1397,2021-05-31,Monday,5.0,2021.0
1398,05/31/2022,,,
1399,06/14/2022,,,
1400,2022-10-10,Monday,10.0,2022.0
1401,2024-10-10,Thursday,10.0,2024.0
1402,01-13-2021,,,
1403,2024-04-14,Sunday,4.0,2024.0
1404,05/29/2021,,,
1405,05/11/2024,,,
1406,06/16/2023,,,
1407,17/11/2021,,,
1408,03/12/2023,,,
1409,2024-07-22,Monday,7.0,2024.0
1410,10-19-2024,,,
1411,08/19/2024,,,
1412,2024-02-11,Sunday,2.0,2024.0
1413,2021-03-27,Saturday,3.0,2021.0
1414,05/06/2024,,,
1415,03/07/2022,,,
1416,04/26/2023,,,
1417,2022-01-12,Wednesday,1.0,2022.0
1418,2022-06-02,Thursday,6.0,2022.0
1419,01/07/2022,,,
1420,01/30/2024,,,
1421,18/05/2021,,,
1422,04/04/2024,,,
1423,20/09/2021,,,
1424,08/07/2022,,,
1425,07-12-2023,,,
1426,09/11/2021,,,
1427,10/10/2022,,,
1428,2022-10-04,Tuesday,10.0,2022.0
1429,03/30/2022,,,
1430,2023-01-07,Saturday,1.0,2023.0
1431,11/11/2022,,,
1432,18/09/2022,,,
1433,08-15-2024,,,
1434,14/10/2021,,,
1435,2024-07-07,Sunday,7.0,2024.0
1436,06/04/2021,,,
1437,04/06/2024,,,
1438,03-17-2021,,,
1439,25/08/2023,,,
1440,2023-03-15,Wednesday,3.0,2023.0
1441,22/04/2024,,,
1442,10/08/2023,,,
1443,01-16-2023,,,
1444,06/11/2024,,,
1445,2021-11-23,Tuesday,11.0,2021.0
1446,03-04-2024,,,
1447,18/09/2023,,,
1448,2023-09-26,Tuesday,9.0,2023.0
1449,26/06/2022,,,
1450,02/28/2022,,,
1451,21/07/2023,,,
1452,08/21/2024,,,
1453,15/07/2022,,,
1454,20/01/2024,,,
1455,02-15-2023,,,
1456,11/25/2023,,,
1457,04/12/2023,,,
1458,15/09/2023,,,
1459,12/10/2021,,,
1460,20/11/2023,,,
1461,2022-01-18,Tuesday,1.0,2022.0
1462,17/05/2024,,,
1463,17/04/2022,,,
1464,08/21/2021,,,
1465,27/11/2021,,,
1466,2022-05-15,Sunday,5.0,2022.0
1467,20/03/2024,,,
1468,2023-11-16,Thursday,11.0,2023.0
1469,2024-03-18,Monday,3.0,2024.0
1470,07/12/2021,,,
1471,04/11/2023,,,
1472,09/17/2024,,,
1473,05/27/2024,,,
1474,04-22-2023,,,
1475,01/08/2022,,,
1476,11/05/2024,,,
1477,16/04/2022,,,
1478,2021-02-03,Wednesday,2.0,2021.0
1479,10/30/2023,,,
1480,12/30/2021,,,
1481,25/12/2023,,,
1482,09/15/2023,,,
1483,01/03/2021,,,
1484,12-06-2023,,,
1485,2023-05-29,Monday,5.0,2023.0
1486,15/09/2023,,,
1487,04-21-2024,,,
1488,2024-03-25,Monday,3.0,2024.0
1489,10-02-2021,,,
1490,06/21/2021,,,
1491,2022-01-23,Sunday,1.0,2022.0
1492,15/01/2021,,,
1493,15/01/2021,,,
1494,09/10/2022,,,
1495,23/05/2023,,,
1496,03/01/2024,,,
1497,19/07/2022,,,
1498,02/22/2022,,,
1499,01-29-2023,,,
1500,03-29-2024,,,
1501,2024-09-12,Thursday,9.0,2024.0
1502,04/16/2022,,,
1503,03-16-2022,,,
1504,06/11/2024,,,
1505,2024-07-26,Friday,7.0,2024.0
1506,07/06/2021,,,
1507,2021-06-30,Wednesday,6.0,2021.0
1508,03-31-2022,,,
1509,04-01-2023,,,
1510,2024-05-08,Wednesday,5.0,2024.0
1511,25/12/2021,,,
1512,02/18/2022,,,
1513,2022-02-03,Thursday,2.0,2022.0
1514,05/12/2024,,,
1515,2024-10-12,Saturday,10.0,2024.0
1516,05/05/2022,,,
1517,20/07/2022,,,
1518,21/03/2023,,,
1519,01/02/2021,,,
1520,07/04/2021,,,
1521,04/08/2024,,,
1522,05/26/2024,,,
1523,10/01/2021,,,
1524,08/07/2021,,,
1525,08-28-2021,,,
1526,23/03/2024,,,
1527,02-12-2023,,,
1528,07-29-2023,,,
1529,2023-09-15,Friday,9.0,2023.0
1530,05/19/2021,,,
1531,2024-12-07,Saturday,12.0,2024.0
1532,09/10/2022,,,
1533,2024-01-03,Wednesday,1.0,2024.0
1534,2022-06-24,Friday,6.0,2022.0
1535,07/10/2021,,,
1536,02/10/2024,,,
1537,03-20-2024,,,
1538,25/01/2022,,,
1539,11/05/2022,,,
1540,02/20/2022,,,
1541,2021-08-07,Saturday,8.0,2021.0
1542,06/10/2021,,,
1543,01/14/2024,,,
1544,10-08-2022,,,
1545,07-17-2022,,,
1546,07/28/2022,,,
1547,12/13/2023,,,
1548,10-27-2023,,,
1549,07/26/2023,,,
1550,2024-11-12,Tuesday,11.0,2024.0
1551,2024-10-12,Saturday,10.0,2024.0
1552,2024-04-04,Thursday,4.0,2024.0
1553,11/01/2023,,,
1554,29/01/2024,,,
1555,09/06/2024,,,
1556,2023-05-19,Friday,5.0,2023.0
1557,06/12/2024,,,
1558,01/04/2023,,,
1559,09-26-2021,,,
1560,07-07-2022,,,
1561,2022-02-06,Sunday,2.0,2022.0
1562,03/11/2021,,,
1563,05-14-2023,,,
1564,25/11/2023,,,
1565,09/24/2023,,,
1566,2023-03-27,Monday,3.0,2023.0
1567,2021-12-01,Wednesday,12.0,2021.0
1568,06/05/2022,,,
1569,17/11/2022,,,
1570,16/02/2024,,,
1571,10/02/2021,,,
1572,23/10/2024,,,
1573,03-25-2024,,,
1574,08/06/2022,,,
1575,05/07/2023,,,
1576,08-10-2022,,,
1577,04/08/2024,,,
1578,16/07/2024,,,
1579,2021-05-27,Thursday,5.0,2021.0
1580,2022-12-05,Monday,12.0,2022.0
1581,10/11/2022,,,
1582,21/03/2023,,,
1583,01/14/2023,,,
1584,2021-12-09,Thursday,12.0,2021.0
1585,2021-02-17,Wednesday,2.0,2021.0
1586,04-26-2022,,,
1587,2021-06-13,Sunday,6.0,2021.0
1588,2023-03-25,Saturday,3.0,2023.0
1589,05/11/2021,,,
1590,03/25/2023,,,
1591,2024-06-19,Wednesday,6.0,2024.0
1592,03/09/2024,,,
1593,2022-04-15,Friday,4.0,2022.0
1594,05/08/2022,,,
1595,15/12/2023,,,
1596,09-20-2024,,,
1597,08/15/2023,,,
1598,2023-07-01,Saturday,7.0,2023.0
1599,11/29/2024,,,
1600,26/07/2024,,,
1601,03/08/2024,,,
1602,13/12/2022,,,
1603,03/07/2021,,,
1604,2022-06-17,Friday,6.0,2022.0
1605,2021-01-22,Friday,1.0,2021.0
1606,10/07/2021,,,
1607,10/05/2023,,,
1608,06-01-2023,,,
1609,28/01/2024,,,
1610,23/02/2024,,,
1611,15/08/2024,,,
1612,2022-06-23,Thursday,6.0,2022.0
1613,2024-07-04,Thursday,7.0,2024.0
1614,06/09/2024,,,
1615,26/12/2023,,,
1616,2021-05-21,Friday,5.0,2021.0
1617,2022-08-17,Wednesday,8.0,2022.0
1618,22/07/2023,,,
1619,29/06/2024,,,
1620,2021-11-08,Monday,11.0,2021.0
1621,2024-01-01,Monday,1.0,2024.0
1622,29/07/2021,,,
1623,17/06/2023,,,
1624,2021-11-05,Friday,11.0,2021.0
1625,21/03/2022,,,
1626,10-18-2023,,,
1627,2022-11-08,Tuesday,11.0,2022.0
1628,2021-10-27,Wednesday,10.0,2021.0
1629,2023-03-15,Wednesday,3.0,2023.0
1630,2023-08-21,Monday,8.0,2023.0
1631,05/28/2022,,,
1632,05/25/2022,,,
1633,2021-03-10,Wednesday,3.0,2021.0
1634,07/12/2021,,,
1635,10/27/2024,,,
1636,03/28/2021,,,
1637,13/09/2023,,,
1638,17/04/2021,,,
1639,2021-08-20,Friday,8.0,2021.0
1640,09/06/2023,,,
1641,20/07/2022,,,
1642,2022-05-13,Friday,5.0,2022.0
1643,03-28-2021,,,
1644,14/11/2021,,,
1645,11/19/2021,,,
1646,2024-07-04,Thursday,7.0,2024.0
1647,12-30-2022,,,
1648,15/09/2021,,,
1649,02-18-2024,,,
1650,18/06/2023,,,
1651,13/02/2023,,,
1652,22/03/2021,,,
1653,08/27/2022,,,
1654,01/19/2024,,,
1655,05/11/2024,,,
1656,11/14/2021,,,
1657,2023-07-19,Wednesday,7.0,2023.0
1658,07-30-2024,,,
1659,06/23/2024,,,
1660,05/10/2021,,,
1661,12/10/2023,,,
1662,08/03/2022,,,
1663,08/12/2023,,,
1664,2021-09-23,Thursday,9.0,2021.0
1665,2021-03-06,Saturday,3.0,2021.0
1666,2023-09-22,Friday,9.0,2023.0
1667,03-07-2021,,,
1668,12/13/2023,,,
1669,29/03/2022,,,
1670,03-04-2022,,,
1671,17/08/2023,,,
1672,02-17-2024,,,
1673,2024-12-21,Saturday,12.0,2024.0
1674,17/06/2024,,,
1675,25/05/2021,,,
1676,19/03/2022,,,
1677,19/04/2022,,,
1678,12-14-2023,,,
1679,18/02/2024,,,
1680,08-05-2021,,,
1681,12/09/2024,,,
1682,01-05-2022,,,
1683,30/12/2023,,,
1684,12-23-2022,,,
1685,02-01-2023,,,
1686,10/25/2022,,,
1687,01/02/2024,,,
1688,16/07/2023,,,
1689,03/12/2021,,,
1690,2022-09-11,Sunday,9.0,2022.0
1691,2022-03-31,Thursday,3.0,2022.0
1692,2022-10-07,Friday,10.0,2022.0
1693,11/13/2024,,,
1694,14/03/2024,,,
1695,19/03/2021,,,
1696,06/27/2022,,,
1697,2022-09-08,Thursday,9.0,2022.0
1698,30/03/2023,,,
1699,06/08/2021,,,
1700,11/13/2024,,,
1701,08/08/2024,,,
1702,06/10/2021,,,
1703,06-09-2023,,,
1704,04-10-2022,,,
1705,22/07/2024,,,
1706,17/09/2022,,,
1707,2024-03-02,Saturday,3.0,2024.0
1708,26/10/2023,,,
1709,11/10/2024,,,
1710,07/02/2023,,,
1711,04/06/2023,,,
1712,09-28-2021,,,
1713,28/01/2024,,,
1714,10-25-2023,,,
1715,09-12-2023,,,
1716,02/06/2022,,,
1717,2022-05-12,Thursday,5.0,2022.0
1718,05/31/2023,,,
1719,07/10/2024,,,
1720,01/26/2022,,,
1721,2022-09-17,Saturday,9.0,2022.0
1722,12/18/2022,,,
1723,10/26/2021,,,
1724,11-04-2024,,,
1725,19/08/2021,,,
1726,06-25-2024,,,
1727,01/29/2021,,,
1728,2023-08-23,Wednesday,8.0,2023.0
1729,05/03/2022,,,
1730,25/01/2024,,,
1731,09-17-2023,,,
1732,2024-09-30,Monday,9.0,2024.0
1733,04/08/2024,,,
1734,05/04/2021,,,
1735,04/19/2021,,,
1736,09-14-2024,,,
1737,2021-08-09,Monday,8.0,2021.0
1738,08/22/2024,,,
1739,2024-12-24,Tuesday,12.0,2024.0
1740,10/09/2022,,,
1741,02-12-2022,,,
1742,2021-02-14,Sunday,2.0,2021.0
1743,12-21-2023,,,
1744,07/02/2021,,,
1745,07-04-2024,,,
1746,07-19-2022,,,
1747,03/02/2021,,,
1748,12/01/2022,,,
1749,02-22-2023,,,
1750,2024-11-06,Wednesday,11.0,2024.0
1751,08/05/2022,,,
1752,02/10/2022,,,
1753,2024-01-16,Tuesday,1.0,2024.0
1754,2024-08-29,Thursday,8.0,2024.0
1755,14/01/2024,,,
1756,10/10/2021,,,
1757,10-04-2021,,,
1758,09/05/2024,,,
1759,02/16/2024,,,
1760,10-26-2021,,,
1761,28/04/2023,,,
1762,28/07/2024,,,
1763,2022-01-20,Thursday,1.0,2022.0
1764,2022-01-14,Friday,1.0,2022.0
1765,06/07/2024,,,
1766,2024-05-06,Monday,5.0,2024.0
1767,2024-11-08,Friday,11.0,2024.0
1768,06/12/2021,,,
1769,05/23/2024,,,
1770,05/03/2023,,,
1771,2022-01-31,Monday,1.0,2022.0
1772,17/04/2023,,,
1773,07/07/2022,,,
1774,10/06/2024,,,
1775,06/19/2023,,,
1776,27/07/2023,,,
1777,03-27-2021,,,
1778,03/19/2023,,,
1779,12/12/2023,,,
1780,08/12/2021,,,
1781,19/05/2022,,,
1782,03/22/2021,,,
1783,2021-04-11,Sunday,4.0,2021.0
1784,20/06/2023,,,
1785,09/08/2022,,,
1786,06-09-2024,,,
1787,08-08-2023,,,
1788,2021-08-20,Friday,8.0,2021.0
1789,04/13/2024,,,
1790,27/04/2023,,,
1791,07/19/2023,,,
1792,2023-07-21,Friday,7.0,2023.0
1793,10-26-2022,,,
1794,2021-09-11,Saturday,9.0,2021.0
1795,17/12/2024,,,
1796,12-09-2023,,,
1797,07/06/2024,,,
1798,2023-02-19,Sunday,2.0,2023.0
1799,12-16-2021,,,
1800,2021-11-04,Thursday,11.0,2021.0
1801,2021-10-24,Sunday,10.0,2021.0
1802,2024-12-29,Sunday,12.0,2024.0
1803,09/23/2022,,,
1804,2024-07-06,Saturday,7.0,2024.0
1805,27/09/2021,,,
1806,2022-06-03,Friday,6.0,2022.0
1807,10/17/2023,,,
1808,2023-10-08,Sunday,10.0,2023.0
1809,04/20/2024,,,
1810,16/05/2024,,,
1811,01-26-2024,,,
1812,2022-03-02,Wednesday,3.0,2022.0
1813,2021-10-31,Sunday,10.0,2021.0
1814,2022-12-16,Friday,12.0,2022.0
1815,03/08/2021,,,
1816,2021-06-29,Tuesday,6.0,2021.0
1817,04/05/2023,,,
1818,08/06/2022,,,
1819,2024-02-26,Monday,2.0,2024.0
1820,22/07/2023,,,
1821,2021-03-15,Monday,3.0,2021.0
1822,09-05-2022,,,
1823,26/05/2023,,,
1824,2023-08-23,Wednesday,8.0,2023.0
1825,23/11/2024,,,
1826,04/28/2023,,,
1827,08/12/2021,,,
1828,06-29-2021,,,
1829,12/18/2024,,,
1830,12-13-2023,,,
1831,06/12/2024,,,
1832,10/06/2023,,,
1833,18/08/2022,,,
1834,02-19-2021,,,
1835,03/01/2022,,,
1836,11/15/2022,,,
1837,2024-08-04,Sunday,8.0,2024.0
1838,31/07/2022,,,
1839,07/09/2022,,,
1840,2021-01-13,Wednesday,1.0,2021.0
1841,11/14/2022,,,
1842,01/03/2021,,,
1843,11/24/2022,,,
1844,03/14/2021,,,
1845,01-05-2024,,,
1846,25/04/2021,,,
1847,10/20/2024,,,
1848,11-04-2024,,,
1849,16/05/2021,,,
1850,05/03/2021,,,
1851,12/31/2023,,,
1852,2024-05-03,Friday,5.0,2024.0
1853,24/09/2022,,,
1854,06/03/2021,,,
1855,05/02/2022,,,
1856,12/12/2023,,,
1857,03/18/2021,,,
1858,02/21/2021,,,
1859,11/28/2022,,,
1860,2022-11-02,Wednesday,11.0,2022.0
1861,07-21-2021,,,
1862,2021-09-29,Wednesday,9.0,2021.0
1863,03/16/2021,,,
1864,09/01/2021,,,
1865,02/05/2024,,,
1866,2021-04-05,Monday,4.0,2021.0
1867,11/09/2024,,,
1868,02/10/2022,,,
1869,2022-02-15,Tuesday,2.0,2022.0
1870,07-21-2022,,,
1871,2022-07-13,Wednesday,7.0,2022.0
1872,2022-07-15,Friday,7.0,2022.0
1873,29/06/2024,,,
1874,17/01/2024,,,
1875,10/17/2021,,,
1876,2021-12-17,Friday,12.0,2021.0
1877,06/09/2024,,,
1878,03/01/2021,,,
1879,2021-04-21,Wednesday,4.0,2021.0
1880,2023-03-14,Tuesday,3.0,2023.0
1881,05-05-2024,,,
1882,03/07/2023,,,
1883,02/10/2022,,,
1884,12/08/2023,,,
1885,12-01-2024,,,
1886,12-25-2024,,,
1887,10-22-2021,,,
1888,2023-03-14,Tuesday,3.0,2023.0
1889,09/24/2024,,,
1890,2023-09-26,Tuesday,9.0,2023.0
1891,2023-09-01,Friday,9.0,2023.0
1892,08/09/2023,,,
1893,15/12/2022,,,
1894,07/30/2021,,,
1895,02/13/2024,,,
1896,01/04/2023,,,
1897,05/15/2022,,,
1898,2022-11-29,Tuesday,11.0,2022.0
1899,11/22/2024,,,
1900,02/12/2022,,,
1901,09-19-2024,,,
1902,2023-09-24,Sunday,9.0,2023.0
1903,05-05-2024,,,
1904,27/12/2021,,,
1905,2024-05-10,Friday,5.0,2024.0
1906,06/05/2024,,,
1907,10/10/2023,,,
1908,03-22-2022,,,
1909,07-26-2024,,,
1910,17/07/2023,,,
1911,29/03/2024,,,
1912,10-11-2022,,,
1913,06-10-2023,,,
1914,2024-04-08,Monday,4.0,2024.0
1915,12/11/2023,,,
1916,2022-08-26,Friday,8.0,2022.0
1917,30/01/2024,,,
1918,21/02/2024,,,
1919,01/08/2022,,,
1920,12-09-2024,,,
1921,04-12-2023,,,
1922,2023-08-31,Thursday,8.0,2023.0
1923,02-12-2024,,,
1924,11/12/2021,,,
1925,2021-01-24,Sunday,1.0,2021.0
1926,2021-02-02,Tuesday,2.0,2021.0
1927,09/24/2023,,,
1928,09/10/2021,,,
1929,07-23-2023,,,
1930,2024-06-30,Sunday,6.0,2024.0
1931,11/10/2023,,,
1932,2022-04-08,Friday,4.0,2022.0
1933,2024-05-23,Thursday,5.0,2024.0
1934,18/10/2023,,,
1935,10/25/2023,,,
1936,03-10-2021,,,
1937,08/20/2021,,,
1938,12-15-2023,,,
1939,08/11/2023,,,
1940,05-18-2022,,,
1941,06/09/2021,,,
1942,2024-06-09,Sunday,6.0,2024.0
1943,05/12/2022,,,
1944,07-19-2023,,,
1945,05/13/2023,,,
1946,2021-12-10,Friday,12.0,2021.0
1947,05/08/2024,,,
1948,05/06/2021,,,
1949,09/06/2024,,,
1950,11/08/2022,,,
1951,07/06/2021,,,
1952,29/09/2021,,,
1953,2022-06-11,Saturday,6.0,2022.0
1954,08-17-2021,,,
1955,09/11/2024,,,
1956,2024-12-06,Friday,12.0,2024.0
1957,01/06/2022,,,
1958,06-22-2021,,,
1959,13/10/2023,,,
1960,2023-02-24,Friday,2.0,2023.0
1961,21/06/2023,,,
1962,29/03/2024,,,
1963,08/08/2024,,,
1964,09/08/2023,,,
1965,2023-12-27,Wednesday,12.0,2023.0
1966,10/31/2024,,,
1967,2023-06-10,Saturday,6.0,2023.0
1968,09/07/2023,,,
1969,22/12/2023,,,
1970,12/25/2023,,,
1971,28/08/2024,,,
1972,01/07/2022,,,
1973,04-11-2024,,,
1974,08/10/2024,,,
1975,11/23/2022,,,
1976,01/22/2021,,,
1977,07/20/2021,,,
1978,04/08/2022,,,
1979,2024-06-22,Saturday,6.0,2024.0
1980,05-01-2024,,,
1981,2024-07-30,Tuesday,7.0,2024.0
1982,2021-09-03,Friday,9.0,2021.0
1983,2024-05-23,Thursday,5.0,2024.0
1984,09-06-2024,,,
1985,01/14/2022,,,
1986,15/08/2023,,,
1987,18/07/2023,,,
1988,05-25-2023,,,
1989,2022-06-12,Sunday,6.0,2022.0
1990,01/06/2021,,,
1991,07/03/2023,,,
1992,2022-06-27,Monday,6.0,2022.0
1993,05/23/2021,,,
1994,01/01/2022,,,
1995,13/01/2024,,,
1996,2024-08-10,Saturday,8.0,2024.0
1997,24/06/2023,,,
1998,2021-05-30,Sunday,5.0,2021.0
1999,29/05/2022,,,
2000,2023-10-17,Tuesday,10.0,2023.0
2001,2024-08-04,Sunday,8.0,2024.0
2002,19/03/2021,,,
2003,04/12/2024,,,
2004,01/08/2021,,,
2005,06-13-2023,,,
2006,24/05/2021,,,
2007,11/12/2024,,,
2008,06/01/2023,,,
2009,04/24/2021,,,
2010,31/12/2023,,,
2011,31/07/2023,,,
2012,2022-02-20,Sunday,2.0,2022.0
2013,03/22/2021,,,
2014,03/10/2023,,,
2015,23/06/2021,,,
2016,2022-01-24,Monday,1.0,2022.0
2017,2022-01-31,Monday,1.0,2022.0
2018,2024-04-29,Monday,4.0,2024.0
2019,2023-03-08,Wednesday,3.0,2023.0
2020,01-13-2024,,,
2021,10/07/2023,,,
2022,2022-11-26,Saturday,11.0,2022.0
2023,29/03/2021,,,
2024,09-01-2024,,,
2025,2024-01-04,Thursday,1.0,2024.0
2026,2024-04-01,Monday,4.0,2024.0
2027,2021-05-28,Friday,5.0,2021.0
2028,17/10/2021,,,
2029,2024-06-20,Thursday,6.0,2024.0
2030,07/12/2024,,,
2031,2024-07-19,Friday,7.0,2024.0
2032,22/09/2022,,,
2033,2024-06-05,Wednesday,6.0,2024.0
2034,2024-04-25,Thursday,4.0,2024.0
2035,2021-08-06,Friday,8.0,2021.0
2036,03/05/2024,,,
2037,02-20-2022,,,
2038,21/10/2024,,,
2039,02/11/2024,,,
2040,03/13/2022,,,
2041,09/05/2021,,,
2042,28/01/2023,,,
2043,2024-04-06,Saturday,4.0,2024.0
2044,07/24/2021,,,
2045,2021-11-20,Saturday,11.0,2021.0
2046,2023-09-25,Monday,9.0,2023.0
2047,2021-01-15,Friday,1.0,2021.0
2048,07/02/2021,,,
2049,11-21-2024,,,
2050,2022-02-27,Sunday,2.0,2022.0
2051,09/07/2022,,,
2052,24/12/2021,,,
2053,01/04/2022,,,
2054,09/09/2022,,,
2055,2022-04-28,Thursday,4.0,2022.0
2056,12-22-2023,,,
2057,01/11/2024,,,
2058,03/03/2022,,,
2059,11/02/2021,,,
2060,2021-12-28,Tuesday,12.0,2021.0
2061,2021-03-30,Tuesday,3.0,2021.0
2062,16/01/2023,,,
2063,11/16/2022,,,
2064,08/02/2021,,,
2065,01/03/2021,,,
2066,04/27/2022,,,
2067,02/12/2022,,,
2068,14/08/2021,,,
2069,25/04/2023,,,
2070,2022-03-28,Monday,3.0,2022.0
2071,04/13/2024,,,
2072,02/06/2024,,,
2073,07/10/2021,,,
2074,05/01/2023,,,
2075,2021-09-18,Saturday,9.0,2021.0
2076,2024-03-10,Sunday,3.0,2024.0
2077,2021-10-07,Thursday,10.0,2021.0
2078,12/08/2023,,,
2079,2022-12-05,Monday,12.0,2022.0
2080,08/28/2022,,,
2081,06/06/2024,,,
2082,2022-04-16,Saturday,4.0,2022.0
2083,12/05/2023,,,
2084,08-06-2023,,,
2085,2022-05-21,Saturday,5.0,2022.0
2086,06/09/2023,,,
2087,11/02/2021,,,
2088,2021-04-01,Thursday,4.0,2021.0
2089,08/22/2023,,,
2090,03-19-2023,,,
2091,16/07/2023,,,
2092,26/01/2021,,,
2093,2022-03-23,Wednesday,3.0,2022.0
2094,2022-08-29,Monday,8.0,2022.0
2095,2021-07-05,Monday,7.0,2021.0
2096,10-02-2024,,,
2097,2024-04-10,Wednesday,4.0,2024.0
2098,21/07/2023,,,
2099,12/11/2024,,,
2100,09/08/2023,,,
2101,2024-07-08,Monday,7.0,2024.0
2102,15/11/2024,,,
2103,05/23/2023,,,
2104,03/24/2024,,,
2105,19/11/2022,,,
2106,13/10/2024,,,
2107,02/24/2023,,,
2108,12/25/2021,,,
2109,2022-02-24,Thursday,2.0,2022.0
2110,2022-11-17,Thursday,11.0,2022.0
2111,08-21-2021,,,
2112,2024-12-10,Tuesday,12.0,2024.0
2113,04/07/2022,,,
2114,17/05/2023,,,
2115,12-09-2022,,,
2116,08/21/2023,,,
2117,22/08/2022,,,
2118,10-10-2024,,,
2119,2021-05-15,Saturday,5.0,2021.0
2120,2023-07-27,Thursday,7.0,2023.0
2121,12/03/2023,,,
2122,2021-06-07,Monday,6.0,2021.0
2123,2022-07-20,Wednesday,7.0,2022.0
2124,10/31/2021,,,
2125,2024-07-08,Monday,7.0,2024.0
2126,05/04/2023,,,
2127,12/12/2022,,,
2128,2022-01-23,Sunday,1.0,2022.0
2129,04/21/2022,,,
2130,03/31/2024,,,
2131,04/30/2024,,,
2132,27/07/2023,,,
2133,2022-09-20,Tuesday,9.0,2022.0
2134,2022-06-17,Friday,6.0,2022.0
2135,02/01/2023,,,
2136,12/25/2022,,,
2137,26/11/2021,,,
2138,12-26-2021,,,
2139,2021-11-11,Thursday,11.0,2021.0
2140,2021-08-28,Saturday,8.0,2021.0
2141,11/10/2022,,,
2142,2023-01-28,Saturday,1.0,2023.0
2143,02-26-2024,,,
2144,10/30/2021,,,
2145,2022-09-10,Saturday,9.0,2022.0
2146,02/21/2021,,,
2147,28/07/2023,,,
2148,24/01/2024,,,
2149,12-15-2024,,,
2150,03-20-2024,,,
2151,25/06/2023,,,
2152,08/09/2023,,,
2153,2024-02-03,Saturday,2.0,2024.0
2154,02/20/2021,,,
2155,07/09/2021,,,
2156,2023-12-15,Friday,12.0,2023.0
2157,2022-07-24,Sunday,7.0,2022.0
2158,21/06/2021,,,
2159,10/07/2024,,,
2160,10-02-2023,,,
2161,27/09/2024,,,
2162,26/05/2023,,,
2163,06/08/2022,,,
2164,02/07/2023,,,
2165,29/06/2023,,,
2166,06-26-2023,,,
2167,19/05/2023,,,
2168,17/04/2024,,,
2169,09-14-2022,,,
2170,05/16/2021,,,
2171,01/14/2021,,,
2172,02-13-2024,,,
2173,2022-02-13,Sunday,2.0,2022.0
2174,02-21-2023,,,
2175,11/09/2022,,,
2176,20/02/2024,,,
2177,2021-01-06,Wednesday,1.0,2021.0
2178,09/07/2022,,,
2179,01/09/2024,,,
2180,01/03/2022,,,
2181,09-02-2021,,,
2182,05/11/2024,,,
2183,06-13-2022,,,
2184,09/02/2021,,,
2185,2022-06-16,Thursday,6.0,2022.0
2186,2021-04-30,Friday,4.0,2021.0
2187,03/08/2023,,,
2188,2021-12-01,Wednesday,12.0,2021.0
2189,01/10/2023,,,
2190,08/17/2022,,,
2191,01/02/2022,,,
2192,13/07/2021,,,
2193,10-23-2022,,,
2194,09/09/2022,,,
2195,12/31/2023,,,
2196,11/28/2023,,,
2197,2021-11-30,Tuesday,11.0,2021.0
2198,11-13-2021,,,
2199,02/19/2024,,,
2200,12-26-2023,,,
2201,05/05/2023,,,
2202,09/26/2021,,,
2203,2023-01-13,Friday,1.0,2023.0
2204,06-25-2023,,,
2205,2022-12-02,Friday,12.0,2022.0
2206,2022-09-16,Friday,9.0,2022.0
2207,2021-08-31,Tuesday,8.0,2021.0
2208,2024-11-22,Friday,11.0,2024.0
2209,10/04/2022,,,
2210,06/10/2021,,,
2211,02/08/2021,,,
2212,2021-08-09,Monday,8.0,2021.0
2213,13/09/2024,,,
2214,01/09/2021,,,
2215,09-10-2022,,,
2216,2024-05-17,Friday,5.0,2024.0
2217,2022-02-14,Monday,2.0,2022.0
2218,2022-12-21,Wednesday,12.0,2022.0
2219,10-26-2021,,,
2220,12-14-2022,,,
2221,2024-06-09,Sunday,6.0,2024.0
2222,2024-03-13,Wednesday,3.0,2024.0
2223,03-30-2024,,,
2224,2022-08-01,Monday,8.0,2022.0
2225,2024-01-06,Saturday,1.0,2024.0
2226,07-22-2021,,,
2227,08/31/2023,,,
2228,2021-08-08,Sunday,8.0,2021.0
2229,28/12/2022,,,
2230,2023-11-20,Monday,11.0,2023.0
2231,20/08/2021,,,
2232,2023-08-13,Sunday,8.0,2023.0
2233,06/10/2021,,,
2234,14/08/2022,,,
2235,03/11/2022,,,
2236,25/07/2023,,,
2237,2023-06-29,Thursday,6.0,2023.0
2238,04/15/2023,,,
2239,05-23-2021,,,
2240,2023-01-23,Monday,1.0,2023.0
2241,12/10/2024,,,
2242,06/17/2023,,,
2243,03/20/2023,,,
2244,2021-12-12,Sunday,12.0,2021.0
2245,02-12-2022,,,
2246,2021-09-09,Thursday,9.0,2021.0
2247,20/05/2023,,,
2248,04-06-2024,,,
2249,03-31-2023,,,
2250,20/09/2023,,,
2251,2023-07-21,Friday,7.0,2023.0
2252,29/05/2022,,,
2253,2021-10-03,Sunday,10.0,2021.0
2254,04/19/2021,,,
2255,01/02/2022,,,
2256,06-27-2024,,,
2257,12/01/2023,,,
2258,09/17/2024,,,
2259,01/13/2024,,,
2260,01/06/2023,,,
2261,11/07/2023,,,
2262,2023-07-31,Monday,7.0,2023.0
2263,12/29/2021,,,
2264,2024-12-17,Tuesday,12.0,2024.0
2265,2023-06-02,Friday,6.0,2023.0
2266,08/03/2023,,,
2267,10/14/2024,,,
2268,08/21/2023,,,
2269,03/13/2023,,,
2270,10/17/2024,,,
2271,27/02/2021,,,
2272,01/21/2023,,,
2273,04/07/2024,,,
2274,08/12/2022,,,
2275,26/04/2021,,,
2276,20/08/2024,,,
2277,2024-11-10,Sunday,11.0,2024.0
2278,2022-09-17,Saturday,9.0,2022.0
2279,2021-12-14,Tuesday,12.0,2021.0
2280,2022-10-30,Sunday,10.0,2022.0
2281,09-09-2024,,,
2282,2022-07-01,Friday,7.0,2022.0
2283,08/20/2023,,,
2284,11/03/2023,,,
2285,2023-09-28,Thursday,9.0,2023.0
2286,2024-10-14,Monday,10.0,2024.0
2287,10/15/2023,,,
2288,06/13/2024,,,
2289,07-25-2024,,,
2290,2024-01-03,Wednesday,1.0,2024.0
2291,2022-06-28,Tuesday,6.0,2022.0
2292,20/03/2024,,,
2293,07/08/2021,,,
2294,2022-07-14,Thursday,7.0,2022.0
2295,24/12/2023,,,
2296,07/06/2021,,,
2297,09/07/2022,,,
2298,04-04-2023,,,
2299,2024-01-27,Saturday,1.0,2024.0
2300,02/08/2021,,,
2301,2023-10-20,Friday,10.0,2023.0
2302,08-16-2023,,,
2303,06/08/2023,,,
2304,15/02/2022,,,
2305,11-05-2021,,,
2306,04/21/2023,,,
2307,21/02/2022,,,
2308,11/08/2022,,,
2309,2024-05-16,Thursday,5.0,2024.0
2310,2022-05-04,Wednesday,5.0,2022.0
2311,2022-01-29,Saturday,1.0,2022.0
2312,09/28/2022,,,
2313,17/08/2024,,,
2314,2022-07-13,Wednesday,7.0,2022.0
2315,14/06/2022,,,
2316,2024-02-02,Friday,2.0,2024.0
2317,03/28/2021,,,
2318,21/06/2021,,,
2319,11/05/2021,,,
2320,01/15/2023,,,
2321,2021-10-15,Friday,10.0,2021.0
2322,03/15/2024,,,
2323,04/03/2024,,,
2324,2021-07-04,Sunday,7.0,2021.0
2325,08/09/2021,,,
2326,04-11-2024,,,
2327,2023-05-17,Wednesday,5.0,2023.0
2328,2021-08-07,Saturday,8.0,2021.0
2329,17/07/2022,,,
2330,2024-04-22,Monday,4.0,2024.0
2331,12/29/2023,,,
2332,18/05/2023,,,
2333,07/23/2022,,,
2334,24/01/2023,,,
2335,2024-05-25,Saturday,5.0,2024.0
2336,18/09/2024,,,
2337,2024-10-07,Monday,10.0,2024.0
2338,02-06-2024,,,
2339,2024-11-04,Monday,11.0,2024.0
2340,30/04/2022,,,
2341,03/16/2023,,,
2342,04/28/2022,,,
2343,06-18-2023,,,
2344,13/04/2023,,,
2345,06/14/2021,,,
2346,26/04/2023,,,
2347,05-16-2023,,,
2348,01/12/2024,,,
2349,05-12-2023,,,
2350,07/18/2023,,,
2351,01/12/2022,,,
2352,2023-04-01,Saturday,4.0,2023.0
2353,18/09/2022,,,
2354,2021-11-20,Saturday,11.0,2021.0
2355,08-22-2024,,,
2356,10/17/2022,,,
2357,12-22-2021,,,
2358,2022-02-11,Friday,2.0,2022.0
2359,2023-01-23,Monday,1.0,2023.0
2360,02/12/2023,,,
2361,02/17/2021,,,
2362,02/07/2021,,,
2363,07/12/2024,,,
2364,19/06/2024,,,
2365,02/07/2021,,,
2366,2024-03-07,Thursday,3.0,2024.0
2367,12/13/2023,,,
2368,11/10/2024,,,
2369,2022-02-21,Monday,2.0,2022.0
2370,06/30/2022,,,
2371,02/28/2022,,,
2372,2024-10-18,Friday,10.0,2024.0
2373,05/01/2022,,,
2374,18/08/2022,,,
2375,13/07/2023,,,
2376,02/11/2024,,,
2377,2023-08-19,Saturday,8.0,2023.0
2378,25/10/2022,,,
2379,03-11-2022,,,
2380,2022-06-09,Thursday,6.0,2022.0
2381,2024-02-15,Thursday,2.0,2024.0
2382,11/13/2022,,,
2383,05/26/2024,,,
2384,2021-04-04,Sunday,4.0,2021.0
2385,31/10/2023,,,
2386,20/03/2023,,,
2387,2024-02-20,Tuesday,2.0,2024.0
2388,01-03-2022,,,
2389,2023-08-17,Thursday,8.0,2023.0
2390,12/10/2022,,,
2391,2022-06-18,Saturday,6.0,2022.0
2392,04-01-2021,,,
2393,07/30/2022,,,
2394,06/24/2022,,,
2395,04/10/2022,,,
2396,04/10/2023,,,
2397,08/09/2024,,,
2398,2022-01-22,Saturday,1.0,2022.0
2399,2022-04-16,Saturday,4.0,2022.0
2400,08/22/2023,,,
2401,2023-10-11,Wednesday,10.0,2023.0
2402,01/01/2023,,,
2403,08/19/2021,,,
2404,2021-07-11,Sunday,7.0,2021.0
2405,2022-08-05,Friday,8.0,2022.0
2406,12/11/2021,,,
2407,09-20-2024,,,
2408,14/12/2023,,,
2409,2021-06-07,Monday,6.0,2021.0
2410,10/18/2023,,,
2411,27/10/2024,,,
2412,02-05-2023,,,
2413,2021-11-11,Thursday,11.0,2021.0
2414,08/01/2023,,,
2415,06/07/2022,,,
2416,03/31/2021,,,
2417,2024-03-11,Monday,3.0,2024.0
2418,10/04/2021,,,
2419,04/24/2021,,,
2420,09/07/2021,,,
2421,2023-03-28,Tuesday,3.0,2023.0
2422,2022-03-03,Thursday,3.0,2022.0
2423,04-05-2023,,,
2424,09-04-2021,,,
2425,09/28/2022,,,
2426,07/16/2021,,,
2427,03/06/2023,,,
2428,05/16/2023,,,
2429,2023-05-23,Tuesday,5.0,2023.0
2430,11/18/2023,,,
2431,11/06/2024,,,
2432,18/08/2024,,,
2433,2023-06-15,Thursday,6.0,2023.0
2434,09-06-2023,,,
2435,09/08/2022,,,
2436,04/08/2021,,,
2437,12/11/2023,,,
2438,09/15/2024,,,
2439,2024-04-14,Sunday,4.0,2024.0
2440,2023-10-29,Sunday,10.0,2023.0
2441,09-16-2024,,,
2442,2021-04-03,Saturday,4.0,2021.0
2443,12/13/2024,,,
2444,10/04/2024,,,
2445,2022-01-19,Wednesday,1.0,2022.0
2446,06-10-2021,,,
2447,06/08/2021,,,
2448,2023-03-20,Monday,3.0,2023.0
2449,12/18/2021,,,
2450,09/09/2024,,,
2451,06-20-2024,,,
2452,11/14/2024,,,
2453,2021-10-04,Monday,10.0,2021.0
2454,08/18/2021,,,
2455,2021-02-24,Wednesday,2.0,2021.0
2456,2024-08-21,Wednesday,8.0,2024.0
2457,05-11-2022,,,
2458,2022-01-26,Wednesday,1.0,2022.0
2459,2023-08-08,Tuesday,8.0,2023.0
2460,2023-05-15,Monday,5.0,2023.0
2461,12/07/2021,,,
2462,09/21/2023,,,
2463,02/17/2022,,,
2464,2022-11-15,Tuesday,11.0,2022.0
2465,15/07/2024,,,
2466,05/02/2023,,,
2467,10/02/2024,,,
2468,03/30/2023,,,
2469,10/21/2024,,,
2470,05/05/2021,,,
2471,09/10/2022,,,
2472,08/20/2024,,,
2473,08/16/2024,,,
2474,08/13/2022,,,
2475,2023-11-06,Monday,11.0,2023.0
2476,11-03-2024,,,
2477,09-07-2024,,,
2478,03-11-2023,,,
2479,01-08-2023,,,
2480,2024-06-27,Thursday,6.0,2024.0
2481,11/15/2024,,,
2482,2022-02-13,Sunday,2.0,2022.0
2483,2023-10-05,Thursday,10.0,2023.0
2484,05/02/2023,,,
2485,2024-02-15,Thursday,2.0,2024.0
2486,07/02/2021,,,
2487,2024-10-18,Friday,10.0,2024.0
2488,2023-10-29,Sunday,10.0,2023.0
2489,11/05/2021,,,
2490,2022-04-10,Sunday,4.0,2022.0
2491,04-04-2022,,,
2492,04-06-2021,,,
2493,11/14/2024,,,
2494,14/04/2021,,,
2495,07-26-2023,,,
2496,06/04/2024,,,
2497,2024-02-26,Monday,2.0,2024.0
2498,2021-08-04,Wednesday,8.0,2021.0
2499,08/30/2021,,,
2500,08/22/2022,,,
2501,2021-07-23,Friday,7.0,2021.0
2502,15/01/2023,,,
2503,18/02/2022,,,
2504,2021-01-14,Thursday,1.0,2021.0
2505,08/29/2023,,,
2506,02/02/2023,,,
2507,13/07/2024,,,
2508,21/12/2023,,,
2509,29/05/2023,,,
2510,07-29-2023,,,
2511,03-02-2021,,,
2512,26/11/2023,,,
2513,10/07/2022,,,
2514,03/17/2023,,,
2515,2024-03-22,Friday,3.0,2024.0
2516,07-17-2024,,,
2517,08-29-2022,,,
2518,16/09/2022,,,
2519,2022-12-06,Tuesday,12.0,2022.0
2520,07/27/2022,,,
2521,08/04/2023,,,
2522,01/20/2024,,,
2523,12/09/2022,,,
2524,09/02/2022,,,
2525,01-06-2024,,,
2526,09/16/2021,,,
2527,11-14-2023,,,
2528,2021-11-24,Wednesday,11.0,2021.0
2529,11/01/2024,,,
2530,09/15/2022,,,
2531,03/05/2021,,,
2532,06/11/2023,,,
2533,26/08/2024,,,
2534,03-18-2024,,,
2535,04/06/2024,,,
2536,29/12/2023,,,
2537,09-05-2022,,,
2538,2024-10-09,Wednesday,10.0,2024.0
2539,13/02/2023,,,
2540,03/11/2022,,,
2541,10/01/2023,,,
2542,22/05/2023,,,
2543,08/05/2021,,,
2544,16/03/2022,,,
2545,12-14-2023,,,
2546,06-25-2022,,,
2547,11-12-2024,,,
2548,2021-11-30,Tuesday,11.0,2021.0
2549,09-18-2021,,,
2550,18/11/2023,,,
2551,12/03/2022,,,
2552,18/11/2021,,,
2553,01/09/2021,,,
2554,05/09/2021,,,
2555,2023-12-07,Thursday,12.0,2023.0
2556,31/01/2023,,,
2557,08/26/2022,,,
2558,04/22/2024,,,
2559,2022-08-04,Thursday,8.0,2022.0
2560,2023-09-29,Friday,9.0,2023.0
2561,01/27/2024,,,
2562,03/19/2024,,,
2563,02/12/2023,,,
2564,10/11/2021,,,
2565,2023-07-09,Sunday,7.0,2023.0
2566,2022-10-29,Saturday,10.0,2022.0
2567,03/07/2024,,,
2568,22/04/2022,,,
2569,04-04-2021,,,
2570,2024-08-15,Thursday,8.0,2024.0
2571,12-06-2021,,,
2572,12/19/2024,,,
2573,2021-06-24,Thursday,6.0,2021.0
2574,06-21-2024,,,
2575,2023-12-05,Tuesday,12.0,2023.0
2576,02/09/2023,,,
2577,10/09/2024,,,
2578,08/02/2021,,,
2579,12/16/2024,,,
2580,29/12/2023,,,
2581,04/03/2021,,,
2582,01/05/2022,,,
2583,2022-06-11,Saturday,6.0,2022.0
2584,23/07/2021,,,
2585,10/01/2022,,,
2586,09/21/2022,,,
2587,2022-10-29,Saturday,10.0,2022.0
2588,2024-12-31,Tuesday,12.0,2024.0
2589,2023-03-10,Friday,3.0,2023.0
2590,19/10/2021,,,
2591,02/09/2023,,,
2592,05/06/2022,,,
2593,31/10/2023,,,
2594,05/05/2021,,,
2595,01/03/2021,,,
2596,02-08-2021,,,
2597,05/20/2022,,,
2598,09/03/2024,,,
2599,07/26/2024,,,
2600,01/12/2024,,,
2601,05/18/2023,,,
2602,08-10-2023,,,
2603,2021-12-09,Thursday,12.0,2021.0
2604,15/09/2023,,,
2605,24/10/2024,,,
2606,2024-07-18,Thursday,7.0,2024.0
2607,12/11/2023,,,
2608,30/12/2023,,,
2609,03-21-2023,,,
2610,27/07/2022,,,
2611,31/10/2023,,,
2612,10-28-2024,,,
2613,20/12/2024,,,
2614,10/21/2022,,,
2615,02/02/2021,,,
2616,05/01/2021,,,
2617,20/01/2021,,,
2618,11/27/2024,,,
2619,08-22-2024,,,
2620,07/10/2024,,,
2621,10/02/2023,,,
2622,12-29-2021,,,
2623,09/13/2021,,,
2624,03-30-2022,,,
2625,23/12/2024,,,
2626,06/10/2024,,,
2627,09/10/2023,,,
2628,10/07/2023,,,
2629,02/06/2022,,,
2630,07/23/2022,,,
2631,09/13/2024,,,
2632,2021-12-26,Sunday,12.0,2021.0
2633,20/09/2021,,,
2634,03-13-2024,,,
2635,2022-07-16,Saturday,7.0,2022.0
2636,2024-10-20,Sunday,10.0,2024.0
2637,11-20-2024,,,
2638,2023-07-19,Wednesday,7.0,2023.0
2639,05/25/2023,,,
2640,10/24/2022,,,
2641,10/24/2024,,,
2642,31/03/2021,,,
2643,07/24/2022,,,
2644,2023-03-14,Tuesday,3.0,2023.0
2645,06-17-2021,,,
2646,08/04/2022,,,
2647,02/06/2021,,,
2648,11/06/2022,,,
2649,10/09/2023,,,
2650,07/06/2024,,,
2651,2023-08-28,Monday,8.0,2023.0
2652,11/29/2022,,,
2653,04/30/2022,,,
2654,07/15/2021,,,
2655,05/05/2021,,,
2656,2024-11-21,Thursday,11.0,2024.0
2657,2021-09-19,Sunday,9.0,2021.0
2658,2023-06-25,Sunday,6.0,2023.0
2659,04/06/2024,,,
2660,2024-10-19,Saturday,10.0,2024.0
2661,17/04/2021,,,
2662,16/07/2021,,,
2663,05/12/2024,,,
2664,08/09/2023,,,
2665,11/27/2022,,,
2666,26/11/2023,,,
2667,2021-07-30,Friday,7.0,2021.0
2668,2024-12-31,Tuesday,12.0,2024.0
2669,01/02/2022,,,
2670,09/11/2023,,,
2671,25/06/2024,,,
2672,2021-04-01,Thursday,4.0,2021.0
2673,10-01-2022,,,
2674,01-03-2023,,,
2675,10/29/2021,,,
2676,01/17/2021,,,
2677,05-02-2022,,,
2678,05/15/2023,,,
2679,17/02/2022,,,
2680,09/29/2024,,,
2681,11-19-2024,,,
2682,15/06/2024,,,
2683,08/03/2021,,,
2684,03-26-2022,,,
2685,14/08/2023,,,
2686,10/11/2022,,,
2687,2023-03-31,Friday,3.0,2023.0
2688,14/01/2021,,,
2689,03/03/2021,,,
2690,2023-06-21,Wednesday,6.0,2023.0
2691,14/04/2024,,,
2692,2021-03-02,Tuesday,3.0,2021.0
2693,2022-08-05,Friday,8.0,2022.0
2694,21/06/2022,,,
2695,2024-02-10,Saturday,2.0,2024.0
2696,2022-02-06,Sunday,2.0,2022.0
2697,21/06/2022,,,
2698,2024-10-19,Saturday,10.0,2024.0
2699,03/09/2024,,,
2700,07/03/2022,,,
2701,02-02-2023,,,
2702,06/30/2024,,,
2703,23/10/2021,,,
2704,2022-01-24,Monday,1.0,2022.0
2705,14/02/2023,,,
2706,30/05/2023,,,
2707,04-05-2021,,,
2708,26/08/2022,,,
2709,20/04/2021,,,
2710,09-16-2021,,,
2711,03-05-2022,,,
2712,2024-06-13,Thursday,6.0,2024.0
2713,11-08-2023,,,
2714,02/06/2023,,,
2715,02-05-2023,,,
2716,29/08/2023,,,
2717,10/04/2024,,,
2718,20/02/2022,,,
2719,03/24/2022,,,
2720,06/02/2023,,,
2721,06/22/2021,,,
2722,03/26/2021,,,
2723,16/08/2023,,,
2724,16/10/2023,,,
2725,03/01/2022,,,
2726,05/06/2021,,,
2727,10-25-2023,,,
2728,2022-04-12,Tuesday,4.0,2022.0
2729,05/27/2021,,,
2730,14/10/2024,,,
2731,31/10/2024,,,
2732,05-22-2024,,,
2733,18/01/2024,,,
2734,06/09/2022,,,
2735,04-08-2023,,,
2736,01-25-2021,,,
2737,02/11/2021,,,
2738,03-06-2022,,,
2739,08-18-2023,,,
2740,04/10/2022,,,
2741,30/11/2024,,,
2742,2024-02-18,Sunday,2.0,2024.0
2743,12/10/2021,,,
2744,01/20/2021,,,
2745,04/07/2022,,,
2746,15/11/2024,,,
2747,17/02/2021,,,
2748,2021-10-12,Tuesday,10.0,2021.0
2749,11-08-2022,,,
2750,03/21/2024,,,
2751,2023-03-12,Sunday,3.0,2023.0
2752,2023-03-03,Friday,3.0,2023.0
2753,08/11/2021,,,
2754,2022-09-16,Friday,9.0,2022.0
2755,02/08/2021,,,
2756,12/11/2024,,,
2757,2022-02-12,Saturday,2.0,2022.0
2758,02/03/2023,,,
2759,09/12/2024,,,
2760,2021-01-23,Saturday,1.0,2021.0
2761,04/22/2023,,,
2762,07/05/2023,,,
2763,2022-02-27,Sunday,2.0,2022.0
2764,02-26-2022,,,
2765,11/22/2021,,,
2766,10/27/2023,,,
2767,10/20/2021,,,
2768,05-21-2022,,,
2769,01/08/2023,,,
2770,07/06/2021,,,
2771,12/05/2024,,,
2772,25/12/2021,,,
2773,06-19-2024,,,
2774,11/01/2022,,,
2775,01/12/2024,,,
2776,11/20/2021,,,
2777,05/17/2021,,,
2778,10/08/2023,,,
2779,2023-01-26,Thursday,1.0,2023.0
2780,08/04/2021,,,
2781,12/04/2021,,,
2782,05/30/2021,,,
2783,12/05/2022,,,
2784,01/22/2021,,,
2785,10/04/2024,,,
2786,01/29/2024,,,
2787,08/23/2023,,,
2788,06/02/2021,,,
2789,12/09/2021,,,
2790,08/06/2021,,,
2791,2022-07-14,Thursday,7.0,2022.0
2792,2023-01-04,Wednesday,1.0,2023.0
2793,03/12/2021,,,
2794,04/08/2021,,,
2795,13/09/2024,,,
2796,09/24/2022,,,
2797,02/12/2023,,,
2798,2022-05-04,Wednesday,5.0,2022.0
2799,02/02/2021,,,
2800,29/01/2022,,,
2801,07/17/2021,,,
2802,2021-12-09,Thursday,12.0,2021.0
2803,2023-11-16,Thursday,11.0,2023.0
2804,11/01/2022,,,
2805,15/01/2024,,,
2806,2022-04-21,Thursday,4.0,2022.0
2807,01/01/2023,,,
2808,01/09/2024,,,
2809,2023-07-29,Saturday,7.0,2023.0
2810,09/09/2024,,,
2811,18/05/2021,,,
2812,05-11-2024,,,
2813,2024-03-11,Monday,3.0,2024.0
2814,07-14-2021,,,
2815,10/20/2024,,,
2816,12/26/2021,,,
2817,26/09/2024,,,
2818,31/05/2024,,,
2819,13/11/2023,,,
2820,18/04/2024,,,
2821,02/13/2021,,,
2822,05/28/2023,,,
2823,07/02/2023,,,
2824,2023-02-09,Thursday,2.0,2023.0
2825,2021-03-19,Friday,3.0,2021.0
2826,09/05/2024,,,
2827,2022-11-05,Saturday,11.0,2022.0
2828,10/13/2022,,,
2829,30/04/2023,,,
2830,2021-02-18,Thursday,2.0,2021.0
2831,10/11/2022,,,
2832,04/21/2021,,,
2833,08/11/2024,,,
2834,21/02/2023,,,
2835,2024-07-13,Saturday,7.0,2024.0
2836,2023-10-04,Wednesday,10.0,2023.0
2837,2022-01-30,Sunday,1.0,2022.0
2838,17/10/2021,,,
2839,12-22-2021,,,
2840,29/04/2022,,,
2841,08/15/2023,,,
2842,28/12/2021,,,
2843,03/26/2024,,,
2844,2023-09-13,Wednesday,9.0,2023.0
2845,07/01/2023,,,
2846,06/23/2023,,,
2847,11/16/2021,,,
2848,21/02/2023,,,
2849,07/09/2022,,,
2850,12/26/2021,,,
2851,02/08/2023,,,
2852,2023-08-20,Sunday,8.0,2023.0
2853,2022-01-24,Monday,1.0,2022.0
2854,23/10/2023,,,
2855,04-09-2023,,,
2856,04/02/2023,,,
2857,2024-04-19,Friday,4.0,2024.0
2858,21/03/2021,,,
2859,2024-03-04,Monday,3.0,2024.0
2860,06-13-2023,,,
2861,12-15-2022,,,
2862,2024-11-27,Wednesday,11.0,2024.0
2863,03/01/2023,,,
2864,12/03/2021,,,
2865,12/18/2024,,,
2866,06/20/2022,,,
2867,05-22-2022,,,
2868,2021-01-26,Tuesday,1.0,2021.0
2869,07/09/2021,,,
2870,15/04/2024,,,
2871,22/01/2022,,,
2872,25/05/2023,,,
2873,28/12/2023,,,
2874,09-23-2022,,,
2875,2021-07-02,Friday,7.0,2021.0
2876,18/03/2024,,,
2877,20/10/2021,,,
2878,27/03/2023,,,
2879,11/12/2021,,,
2880,24/05/2021,,,
2881,05/04/2023,,,
2882,2023-02-07,Tuesday,2.0,2023.0
2883,2021-10-03,Sunday,10.0,2021.0
2884,08/01/2022,,,
2885,07/03/2024,,,
2886,05/01/2021,,,
2887,04/18/2023,,,
2888,2024-07-27,Saturday,7.0,2024.0
2889,2022-08-24,Wednesday,8.0,2022.0
2890,13/09/2021,,,
2891,2024-04-14,Sunday,4.0,2024.0
2892,21/09/2023,,,
2893,05-06-2021,,,
2894,2021-03-27,Saturday,3.0,2021.0
2895,06/12/2023,,,
2896,12-02-2023,,,
2897,08/28/2023,,,
2898,10-28-2024,,,
2899,10/01/2023,,,
2900,04-28-2021,,,
2901,01-07-2021,,,
2902,2021-10-12,Tuesday,10.0,2021.0
2903,09/09/2021,,,
2904,03/12/2024,,,
2905,07/15/2023,,,
2906,27/04/2023,,,
2907,07/30/2024,,,
2908,01-08-2023,,,
2909,10/20/2024,,,
2910,08/06/2024,,,
2911,09-03-2023,,,
2912,28/02/2023,,,
2913,10-21-2021,,,
2914,2023-10-31,Tuesday,10.0,2023.0
2915,17/10/2023,,,
2916,10/10/2024,,,
2917,07/03/2023,,,
2918,2022-05-14,Saturday,5.0,2022.0
2919,13/09/2024,,,
2920,2021-03-01,Monday,3.0,2021.0
2921,10/31/2022,,,
2922,06-12-2022,,,
2923,2024-09-24,Tuesday,9.0,2024.0
2924,12-31-2023,,,
2925,11-13-2022,,,
2926,2024-05-15,Wednesday,5.0,2024.0
2927,12-04-2022,,,
2928,02-21-2023,,,
2929,14/06/2023,,,
2930,25/08/2021,,,
2931,11-28-2022,,,
2932,26/08/2021,,,
2933,10/04/2022,,,
2934,07/05/2021,,,
2935,06/03/2023,,,
2936,01/18/2023,,,
2937,21/09/2024,,,
2938,2023-03-21,Tuesday,3.0,2023.0
2939,08/02/2023,,,
2940,03/25/2022,,,
2941,10-26-2021,,,
2942,12/03/2021,,,
2943,2024-11-11,Monday,11.0,2024.0
2944,12/17/2024,,,
2945,20/08/2022,,,
2946,2022-11-14,Monday,11.0,2022.0
2947,03/08/2022,,,
2948,04-18-2021,,,
2949,03-14-2023,,,
2950,11/23/2021,,,
2951,20/10/2024,,,
2952,03/13/2023,,,
2953,11/27/2024,,,
2954,2021-07-19,Monday,7.0,2021.0
2955,03/04/2024,,,
2956,12/24/2024,,,
2957,24/06/2023,,,
2958,2021-10-24,Sunday,10.0,2021.0
2959,05/02/2022,,,
2960,2024-03-24,Sunday,3.0,2024.0
2961,10-30-2021,,,
2962,11/12/2021,,,
2963,2023-08-29,Tuesday,8.0,2023.0
2964,2021-04-18,Sunday,4.0,2021.0
2965,11-22-2023,,,
2966,08/07/2024,,,
2967,2021-09-01,Wednesday,9.0,2021.0
2968,09/28/2023,,,
2969,02-08-2023,,,
2970,07-03-2021,,,
2971,18/07/2022,,,
2972,2021-01-24,Sunday,1.0,2021.0
2973,2021-06-19,Saturday,6.0,2021.0
2974,08/06/2024,,,
2975,03-19-2024,,,
2976,13/07/2021,,,
2977,09/19/2023,,,
2978,2021-09-14,Tuesday,9.0,2021.0
2979,05/11/2021,,,
2980,11/04/2023,,,
2981,02/13/2024,,,
2982,05-11-2021,,,
2983,2024-08-27,Tuesday,8.0,2024.0
2984,03/01/2022,,,
2985,11/05/2024,,,
2986,05/07/2023,,,
2987,09/21/2021,,,
2988,10/06/2022,,,
2989,13/09/2021,,,
2990,2024-01-20,Saturday,1.0,2024.0
2991,2024-09-09,Monday,9.0,2024.0
2992,2022-09-08,Thursday,9.0,2022.0
2993,30/11/2023,,,
2994,12-30-2023,,,
2995,12/07/2023,,,
2996,2023-11-12,Sunday,11.0,2023.0
2997,22/07/2021,,,
2998,2021-03-17,Wednesday,3.0,2021.0
2999,06/09/2022,,,
3000,02/10/2021,,,
3001,01/06/2023,,,
3002,01/02/2024,,,
3003,01/12/2021,,,
3004,06/05/2022,,,
3005,2022-02-22,Tuesday,2.0,2022.0
3006,07/06/2022,,,
3007,02/02/2023,,,
3008,02/12/2021,,,
3009,06/08/2023,,,
3010,2022-07-08,Friday,7.0,2022.0
3011,14/08/2021,,,
3012,06/11/2022,,,
3013,15/11/2022,,,
3014,08/04/2022,,,
3015,01/04/2022,,,
3016,2021-09-10,Friday,9.0,2021.0
3017,09/20/2022,,,
3018,12/16/2022,,,
3019,2024-05-29,Wednesday,5.0,2024.0
3020,2021-04-09,Friday,4.0,2021.0
3021,2023-03-09,Thursday,3.0,2023.0
3022,10/20/2024,,,
3023,05/04/2023,,,
3024,01-20-2021,,,
3025,10/20/2021,,,
3026,08/02/2024,,,
3027,05/31/2024,,,
3028,12/26/2022,,,
3029,05-27-2023,,,
3030,04-14-2022,,,
3031,04/13/2023,,,
3032,06/07/2021,,,
3033,2021-04-28,Wednesday,4.0,2021.0
3034,08-09-2022,,,
3035,05/19/2023,,,
3036,10-17-2023,,,
3037,2024-11-30,Saturday,11.0,2024.0
3038,01-29-2021,,,
3039,05/21/2023,,,
3040,09-16-2024,,,
3041,18/12/2023,,,
3042,07-08-2023,,,
3043,09/12/2023,,,
3044,01-22-2023,,,
3045,16/05/2023,,,
3046,08-20-2021,,,
3047,08/30/2021,,,
3048,01/05/2021,,,
3049,09/17/2022,,,
3050,03-14-2021,,,
3051,04/28/2021,,,
3052,2022-12-26,Monday,12.0,2022.0
3053,18/12/2022,,,
3054,2022-12-28,Wednesday,12.0,2022.0
3055,02/06/2023,,,
3056,20/11/2023,,,
3057,2023-09-26,Tuesday,9.0,2023.0
3058,09/06/2024,,,
3059,17/01/2023,,,
3060,2022-07-06,Wednesday,7.0,2022.0
3061,18/06/2023,,,
3062,14/10/2021,,,
3063,01/06/2023,,,
3064,2022-08-07,Sunday,8.0,2022.0
3065,20/03/2023,,,
3066,2021-03-06,Saturday,3.0,2021.0
3067,02-12-2022,,,
3068,09-01-2021,,,
3069,09-18-2021,,,
3070,10-25-2023,,,
3071,2021-09-27,Monday,9.0,2021.0
3072,09/08/2021,,,
3073,12/06/2022,,,
3074,21/10/2024,,,
3075,07/05/2024,,,
3076,16/08/2022,,,
3077,2023-05-29,Monday,5.0,2023.0
3078,09/11/2021,,,
3079,07-30-2022,,,
3080,22/05/2022,,,
3081,08-29-2023,,,
3082,26/10/2023,,,
3083,25/04/2024,,,
3084,2021-09-04,Saturday,9.0,2021.0
3085,20/03/2021,,,
3086,10/27/2021,,,
3087,04-15-2021,,,
3088,2022-04-19,Tuesday,4.0,2022.0
3089,05/23/2023,,,
3090,2022-09-16,Friday,9.0,2022.0
3091,15/01/2023,,,
3092,2023-05-07,Sunday,5.0,2023.0
3093,2021-04-08,Thursday,4.0,2021.0
3094,2021-01-02,Saturday,1.0,2021.0
3095,2022-10-21,Friday,10.0,2022.0
3096,08/25/2023,,,
3097,01/06/2022,,,
3098,2022-09-16,Friday,9.0,2022.0
3099,2024-10-02,Wednesday,10.0,2024.0
3100,05/02/2024,,,
4607,10/05/2023,,,
3205,2021-01-20,Wednesday,1.0,2021.0
4504,06/11/2024,,,
4428,2022-10-04,Tuesday,10.0,2022.0
5757,2022-02-12,Saturday,2.0,2022.0
4084,2023-08-03,Thursday,8.0,2023.0
5920,2021-03-01,Monday,3.0,2021.0
5678,05/15/2023,,,
4685,02-01-2023,,,
3649,09/22/2021,,,
5407,09-20-2024,,,
6009,06/08/2023,,,
5687,2023-03-31,Friday,3.0,2023.0
3440,2022-07-27,Wednesday,7.0,2022.0
4915,12/11/2023,,,
3570,11/25/2021,,,
4331,07-20-2024,,,
5206,2022-09-16,Friday,9.0,2022.0
4594,05/08/2022,,,
4273,08/12/2023,,,
3405,08/11/2023,,,
5391,2022-06-18,Saturday,6.0,2022.0
4019,26/10/2024,,,
5657,2021-09-19,Sunday,9.0,2021.0
4514,05/12/2024,,,
3758,04/07/2023,,,
5925,11-13-2022,,,
4382,01/10/2024,,,
3637,16/01/2024,,,
5815,10/20/2024,,,
4604,2022-06-17,Friday,6.0,2022.0
3688,09/11/2023,,,
3353,12-25-2021,,,
4957,01/06/2022,,,
5840,29/04/2022,,,
5270,10/17/2024,,,
5743,12/10/2021,,,
5151,25/06/2023,,,
3772,2023-04-18,Tuesday,4.0,2023.0
4716,02/06/2022,,,
5763,2022-02-27,Sunday,2.0,2022.0
4384,29/10/2024,,,
3495,06/17/2021,,,
3375,06/11/2023,,,
5600,01/12/2024,,,
6008,02/12/2021,,,
3858,06-05-2021,,,
3480,29/03/2024,,,
4327,05/09/2021,,,
4633,2021-03-10,Wednesday,3.0,2021.0
5113,04/07/2022,,,
4310,2022-04-27,Wednesday,4.0,2022.0
6011,14/08/2021,,,
4312,18/10/2023,,,
4410,10-19-2024,,,
3711,11-20-2024,,,
3346,12-06-2021,,,
3938,10-07-2022,,,
3266,05-11-2023,,,
5824,2023-02-09,Thursday,2.0,2023.0
